ec5_uuid,created_at,uploaded_at,title,1_time_during_scan,3_scan_id_num,4_num_pines_within_1,5_num_hardwood_withi,6_num_dead_trees_wit,lat_7_scan_loc,long_7_scan_loc,accuracy_7_scan_loc,UTM_Northing_7_scan_loc,UTM_Easting_7_scan_loc,UTM_Zone_7_scan_loc,8_check_if_we_need_t,9_comments,10_time_when_scan_is
86281ed2-8b55-40de-8345-d49911b8754b,2025-05-23T14:54:50.000Z,2025-05-23T18:11:18.000Z,91,10:51:50,91,12,0,1,30.769321,-84.01597,4,3407844,785619,16R,,,10:54:48
11f3c226-88b0-4b7a-9850-3fbed47503fb,2025-05-23T14:41:49.000Z,2025-05-23T18:11:15.000Z,89,10:38:52,89,17,0,0,30.769336,-84.017107,3,3407843,785510,16R,,,10:41:46
182524f6-031f-4562-84d4-b0f7e1b7a5a7,2025-05-23T14:31:49.000Z,2025-05-23T18:11:13.000Z,96,10:28:51,96,41,0,0,30.769814,-84.017076,4,3407896,785511,16R,,,10:31:44
4874a844-3ec0-4aad-a310-087b0588fc86,2025-05-23T14:22:37.000Z,2025-05-23T18:11:11.000Z,103,10:19:25,103,7,1,0,30.770292,-84.01708,3,3407949,785509,16R,,,10:22:35
ab8880e5-c8f8-4398-8f56-810eb8d595b5,2025-05-23T14:09:07.000Z,2025-05-23T18:11:09.000Z,114,10:06:09,114,17,1,0,30.771213,-84.017053,3,3408051,785509,16R,,,10:09:05
7fdf62ab-82ae-409b-b5a3-4c92dbfb178f,2025-05-23T13:59:21.000Z,2025-05-23T18:11:07.000Z,110,09:56:19,110,15,0,0,30.770752,-84.016509,3,3408001,785563,16R,,,09:59:17
4b9c3cf1-a7ff-41a4-8e78-0d0cf42b84f3,2025-05-23T13:47:47.000Z,2025-05-23T18:11:04.000Z,97,09:44:46,97,14,0,0,30.7698,-84.016507,3,3407896,785566,16R,,,09:47:44
2b56fc68-7ce5-433d-95cf-2021f09be781,2025-05-23T13:33:29.000Z,2025-05-23T18:11:02.000Z,84,09:30:27,84,16,4,0,30.768863,-84.016553,4,3407792,785564,16R,,,09:33:26
dc6f9871-5cc9-4a22-b5e3-3fe5d9792ec3,2025-05-23T13:13:52.000Z,2025-05-23T18:11:00.000Z,105,09:10:57,105,10,0,0,30.770285,-84.01597,3,3407951,785616,16R,,,09:13:50
90f1ba2c-9a9b-411b-9236-49b6e787754e,2025-05-23T12:48:35.000Z,2025-05-23T18:10:58.000Z,116,08:45:38,116,10,2,0,30.771206,-84.015936,3,3408053,785616,16R,,,08:48:33
661b6b10-22ff-4992-8578-a3df7f25de4e,2025-05-23T12:38:49.000Z,2025-05-23T18:10:55.000Z,112,08:35:49,112,33,0,0,30.770727,-84.015414,3,3408001,785668,16R,,,08:38:46
641fd0a2-fa98-401c-aed4-144a1dd41ffd,2025-05-23T12:26:50.000Z,2025-05-23T18:10:53.000Z,99,08:23:49,99,33,0,0,30.769773,-84.015443,3,3407895,785668,16R,,,08:26:46
8da3ad03-41aa-472a-a8d3-360b20841e53,2025-05-22T16:37:58.000Z,2025-05-23T18:10:51.000Z,275,12:35:03,275,75,4,0,30.864465,-84.044683,4,3418322,782590,16R,,,12:37:56
cfd8efad-fc39-4aea-9611-72e0ea4f9ffc,2025-05-22T16:31:43.000Z,2025-05-23T18:10:49.000Z,275,12:27:36,275,75,4,0,30.86446,-84.044652,3,3418321,782593,16R,"I am a placeholder answer",,12:31:40
202d25f5-7938-439c-98ee-d20c16c64802,2025-05-22T16:12:42.000Z,2025-05-23T18:10:47.000Z,285,12:10:05,285,20,10,0,30.86538,-84.044742,3,3418423,782582,16R,,,12:12:40
005353ec-fae0-4e6c-a591-dce645e4e8ca,2025-05-22T16:10:01.000Z,2025-05-23T18:10:44.000Z,285,12:07:20,285,20,10,0,30.865392,-84.044746,3,3418424,782581,16R,"I am a placeholder answer",,12:09:59
6d051b56-2b91-48a5-8382-1381b1dbd2d7,2025-05-22T15:58:06.000Z,2025-05-23T18:10:42.000Z,292,11:55:04,292,16,43,1,30.865883,-84.044699,4,3418479,782584,16R,,,11:58:05
90dccfe8-54d3-45f9-9ebc-bf7390d80db8,2025-05-22T15:44:05.000Z,2025-05-23T18:10:40.000Z,299,11:40:48,299,17,2,0,30.866396,-84.044613,3,3418536,782591,16R,,,11:43:57
f666ef60-87d6-4e0f-8d14-672aab621e37,2025-05-22T15:32:04.000Z,2025-05-23T18:10:38.000Z,310,11:28:56,310,9,26,0,30.867286,-84.044649,3,3418635,782585,16R,,,11:32:02
f26e8b04-e12d-47db-a162-7e5c18b11f28,2025-05-22T15:19:15.000Z,2025-05-23T18:10:36.000Z,306,11:16:02,306,14,3,0,30.86678,-84.044135,3,3418580,782636,16R,,,11:19:13
952e2036-ba18-4911-8925-1c237c1bf120,2025-05-22T15:05:28.000Z,2025-05-23T18:10:33.000Z,293,11:02:20,293,22,0,0,30.865824,-84.044104,3,3418474,782641,16R,,,11:05:26
67293950-0f86-43dc-9c3f-feec42e5f525,2025-05-22T14:52:02.000Z,2025-05-23T18:10:31.000Z,280,10:48:55,280,12,56,0,30.864922,-84.044161,3,3418374,782639,16R,,,10:52:00
7cdc0bc1-da25-4d95-8747-6efe8f00cf64,2025-05-22T14:37:24.000Z,2025-05-23T18:10:29.000Z,287,10:34:31,287,32,0,0,30.86534,-84.043672,3,3418421,782684,16R,,,10:37:22
9a13d87f-6e08-47b9-9ca4-20f492ac7548,2025-05-22T14:24:13.000Z,2025-05-23T18:10:27.000Z,301,10:21:16,301,19,6,0,30.866386,-84.043626,3,3418538,782685,16R,,,10:24:11
52dc5b7a-1b42-4c11-bf2c-40db00257f52,2025-05-22T14:12:01.000Z,2025-05-23T18:10:25.000Z,312,10:08:59,312,9,12,1,30.867276,-84.043622,3,3418636,782683,16R,,,10:11:58
8e386c31-2561-491a-b9bc-3fabb778f819,2025-05-22T13:58:55.000Z,2025-05-23T18:10:23.000Z,308,09:55:37,308,32,0,1,30.866771,-84.042969,4,3418582,782747,16R,,,09:58:52
d174029d-086c-49a3-a239-3a7138712e27,2025-05-22T13:48:18.000Z,2025-05-23T18:10:21.000Z,295,09:45:20,295,32,0,0,30.865814,-84.042987,3,3418476,782748,16R,,,09:48:15
dfa461f9-b465-4f91-a5cf-b5de638c740f,2025-05-22T20:30:30.000Z,2025-05-22T20:46:52.000Z,903,16:25:52,903,1,2,0,30.672561,-84.235429,5,3396575,764869,16R,,,16:30:29
39c8d20d-24b2-493c-a8b5-6c9f24fcf0c3,2025-05-22T20:25:49.000Z,2025-05-22T20:46:46.000Z,910,16:20:21,910,1,2,0,30.67304,-84.23493,3,3396630,764916,16R,,,16:25:47
109d7175-db82-4fc0-9a69-389f51ff5746,2025-05-22T20:20:18.000Z,2025-05-22T20:46:39.000Z,918,16:16:22,918,6,5,0,30.673527,-84.234352,4,3396685,764970,16R,,,16:20:17
e456b888-a996-417c-9d88-075872a7d1c3,2025-05-22T20:16:01.000Z,2025-05-22T20:46:34.000Z,924,16:11:50,924,3,2,1,30.673952,-84.234866,3,3396731,764919,16R,,"Dead tree leaning",16:15:59
e199e450-90ab-41e9-9ab1-1da604aa3ac2,2025-05-22T20:11:30.000Z,2025-05-22T20:46:27.000Z,917,16:05:42,917,5,5,0,30.67351,-84.234841,4,3396682,764923,16R,,,16:11:28
88deedf4-a1d0-4e87-90ec-13de12bd8462,2025-05-22T20:05:35.000Z,2025-05-22T20:46:22.000Z,916,16:01:16,916,2,4,0,30.673509,-84.235413,5,3396680,764868,16R,,,16:05:34
cd3065de-a001-44f8-902b-ccb0ca1eeacd,2025-05-22T20:00:41.000Z,2025-05-22T20:46:15.000Z,908,15:56:26,908,5,3,0,30.673047,-84.235972,3,3396628,764816,16R,,,16:00:40
dc0defeb-cf5b-4c3c-bce5-f54d2ce439ac,2025-05-22T19:55:49.000Z,2025-05-22T20:46:09.000Z,914,15:50:52,914,7,0,0,30.673517,-84.23654,4,3396679,764760,16R,,,15:55:48
2f8bc14d-8d6e-4249-bf8a-01ad70100715,2025-05-22T19:50:37.000Z,2025-05-22T20:46:04.000Z,922,15:46:57,922,2,4,0,30.674014,-84.236015,3,3396735,764809,16R,,"This one worked",15:50:33
5bdd3f43-1133-42c5-8a65-680814d14893,2025-05-22T19:46:49.000Z,2025-05-22T20:45:59.000Z,922,15:42:49,922,2,4,0,30.67399,-84.236026,3,3396732,764808,16R,"I am a placeholder answer",Remove,15:46:47
2c72c62c-44f1-4f41-9ba2-7cb70e31fbde,2025-05-22T19:29:32.000Z,2025-05-22T20:45:52.000Z,929,15:25:31,929,8,4,0,30.674469,-84.2354,4,3396787,764867,16R,,,15:29:30
dff6488a-29ff-4113-a8d3-bee8590320ac,2025-05-22T19:25:15.000Z,2025-05-22T20:45:47.000Z,935,15:19:41,935,4,2,0,30.674889,-84.234881,3,3396835,764916,16R,,"Lots of little pine",15:25:13
17223a53-6b8e-44b5-8e1f-4830cf3ba534,2025-05-22T19:19:37.000Z,2025-05-22T20:45:42.000Z,931,15:15:16,931,8,1,0,30.674417,-84.234321,3,3396784,764970,16R,,,15:19:36
c2d4b48e-7fd1-4e1e-a447-bf535e3a8292,2025-05-22T19:14:43.000Z,2025-05-22T20:45:37.000Z,937,15:09:23,937,1,8,0,30.674948,-84.233675,3,3396844,765031,16R,,,15:14:42
c19cfcbd-f0cb-4562-ac1b-3ffbe3dfd9bb,2025-05-22T19:07:18.000Z,2025-05-22T20:45:32.000Z,933,15:02:43,933,2,0,2,30.674404,-84.233245,3,3396785,765074,16R,,,15:07:17
8171e261-ae23-4eac-ab35-181f81cef624,2025-05-22T19:01:54.000Z,2025-05-22T20:45:27.000Z,926,14:55:19,926,1,1,0,30.673947,-84.233706,4,3396733,765031,16R,,Scrubby,15:01:53
42f39559-75de-45df-8987-5641b50b10ff,2025-05-22T18:49:58.000Z,2025-05-22T20:45:22.000Z,920,14:43:27,920,7,3,0,30.673496,-84.233232,7,3396684,765077,16R,,,14:49:56
c7f077e4-aa58-44a9-b70e-81c7de5b54f8,2025-05-22T18:42:29.000Z,2025-05-22T20:45:17.000Z,912,14:38:15,912,2,8,0,30.672984,-84.233796,3,3396626,765025,16R,,"Cwb present",14:42:27
de8787d9-6c53-4dd4-9cad-c6f39a3f6dff,2025-05-22T18:37:33.000Z,2025-05-22T20:45:13.000Z,905,14:32:31,905,2,2,1,30.67256,-84.234395,3,3396578,764968,16R,,,14:37:32
03a91403-b981-4c1b-88c6-360efe5df19b,2025-05-22T18:32:16.000Z,2025-05-22T20:45:11.000Z,901,14:25:39,901,11,0,0,30.672043,-84.23441,3,3396520,764968,16R,,,14:32:13
67170832-dd61-4df1-9dce-d81cc40f0019,2025-05-22T18:22:29.000Z,2025-05-22T20:45:09.000Z,899,14:16:14,899,7,0,0,30.672142,-84.235421,4,3396529,764871,16R,,,14:24:49
ba08fe81-b4b7-40bb-a0c4-7cffc1ee2053,2025-05-21T14:56:10.000Z,2025-05-21T16:38:12.000Z,60,10:51:43,60,4,0,0,30.776281,-84.004599,3,3408645,786687,16R,,,10:56:08
0957198d-87ea-411e-a23c-b2bd257497dc,2025-05-21T14:51:31.000Z,2025-05-21T16:38:09.000Z,52,10:46:30,52,10,0,0,30.77583,-84.0052,4,3408593,786631,16R,,"Small dead pine (less than 10cm) in plot",10:51:30
42cae3b1-0ffe-4f1b-9bb6-23768d91e67c,2025-05-21T14:46:23.000Z,2025-05-21T16:38:07.000Z,42,10:43:04,42,11,0,0,30.775345,-84.005733,3,3408538,786581,16R,,,10:46:21
7669a1d3-0da3-438b-b307-2e27952fd1f7,2025-05-21T14:41:43.000Z,2025-05-21T16:38:05.000Z,40,10:37:07,40,12,0,0,30.774876,-84.006336,3,3408485,786525,16R,,,10:41:41
c62c030d-8d09-4aa5-8b1c-c699c0c1e981,2025-05-21T14:33:57.000Z,2025-05-21T16:38:03.000Z,43,10:29:48,43,8,0,0,30.775371,-84.00686,3,3408538,786473,16R,,,10:33:55
74c5d60f-8322-48ef-87bc-c0579e009bf8,2025-05-21T14:24:56.000Z,2025-05-21T16:38:00.000Z,50,10:23:54,50,6,0,0,30.77584,-84.006306,3,3408592,786525,16R,,,10:27:56
fc67efa5-d4fc-4d53-a925-de63ff65f2ec,2025-05-21T14:21:10.000Z,2025-05-21T16:37:58.000Z,48,10:16:09,48,9,0,0,30.775845,-84.007332,3,3408590,786426,16R,,,10:21:08
b6b7913d-8c0c-4a69-b48c-36580e4e7d3d,2025-05-21T14:11:30.000Z,2025-05-21T16:37:56.000Z,54,10:10:20,54,9,0,0,30.776361,-84.00794,3,3408645,786367,16R,,,10:15:05
31b87131-5e3a-40d3-b47c-01d91c8909c5,2025-05-21T14:03:35.000Z,2025-05-21T16:37:54.000Z,62,10:01:14,62,9,0,0,30.776796,-84.007294,3,3408695,786427,16R,,,10:08:44
5a1568cb-ad06-4439-80c2-3a48c0e18a9b,2025-05-21T13:59:33.000Z,2025-05-21T16:37:52.000Z,56,09:54:59,56,20,0,0,30.77631,-84.006836,4,3408642,786472,16R,,,09:59:32
8a44c3e2-5e40-4e70-b6db-3e3ab8538ed8,2025-05-21T13:49:10.000Z,2025-05-21T16:37:49.000Z,64,09:43:51,64,5,0,0,30.776781,-84.006252,3,3408696,786527,16R,,"Down tree top nearby",09:49:09
bb5cf3a4-6528-4419-924f-7d8366af4153,2025-05-21T13:43:40.000Z,2025-05-21T16:37:47.000Z,69,09:39:05,69,5,0,1,30.777287,-84.006772,4,3408751,786476,16R,,,09:43:39
68619f9d-5c5a-4918-8766-f5ce310895e9,2025-05-21T13:33:20.000Z,2025-05-21T16:37:45.000Z,75,09:32:39,75,9,1,0,30.777713,-84.006194,3,3408800,786530,16R,,,09:37:20
87ff8ffd-a4bb-4849-959f-9a80e333223f,2025-05-21T13:27:05.000Z,2025-05-21T16:37:42.000Z,71,09:24:33,71,8,0,1,30.777267,-84.005678,3,3408751,786580,16R,,,09:30:02
45012d2a-b401-4e94-9f18-eb0917f9d58e,2025-05-21T13:12:54.000Z,2025-05-21T16:37:40.000Z,77,09:08:45,77,13,0,0,30.777749,-84.005109,3,3408806,786634,16R,,,09:12:53
4af060cc-c021-469e-a435-db4dd44a7c77,2025-05-21T13:04:52.000Z,2025-05-21T16:37:38.000Z,73,09:03:46,73,7,0,0,30.777225,-84.004572,3,3408750,786686,16R,,,09:07:25
128950c1-2a80-4351-b73a-9c341553fbaa,2025-05-21T12:56:49.000Z,2025-05-21T16:37:36.000Z,66,08:56:34,66,4,0,1,30.776752,-84.00515,3,3408696,786633,16R,,,09:01:33
ea3b94a1-3b84-4388-91ac-ebff9e0a3d63,2025-05-21T12:52:46.000Z,2025-05-21T16:37:34.000Z,58,08:51:44,58,7,0,0,30.776294,-84.005716,3,3408644,786580,16R,,"Small pines around",08:55:46
0696cd88-fbe2-4c17-bd91-20820a86d654,2025-05-21T12:48:54.000Z,2025-05-21T16:37:31.000Z,57,08:47:30,57,7,0,1,30.776285,-84.006265,5,3408641,786527,16R,,,08:51:11
afb518d3-a9c1-42c2-8dbc-d6e2394566e3,2025-05-19T16:10:29.000Z,2025-05-19T19:04:07.000Z,861,12:05:25,861,0,0,0,30.620158,-83.67689,3,3390561,243395,17R,,,12:10:27
894151e4-4f52-4416-b5da-bec160e6a344,2025-05-19T16:04:45.000Z,2025-05-19T19:04:04.000Z,885,12:01:17,885,0,0,0,30.622041,-83.676811,3,3390770,243407,17R,,,12:04:43
6401050d-ad06-403d-92a5-7b90cb6fd776,2025-05-19T15:59:40.000Z,2025-05-19T19:04:02.000Z,886,11:52:33,886,1,0,2,30.622016,-83.676267,3,3390766,243459,17R,,"Doing this in place of 892 which is in water",11:59:38
102ccd9c-b61b-44ff-89dc-ff8ce575c0e7,2025-05-19T15:45:29.000Z,2025-05-19T19:04:00.000Z,893,11:42:49,893,2,0,1,30.622518,-83.675671,3,3390820,243518,17R,,"Point is on root ball of down tree",11:50:11
27acc4f7-5a4e-401b-8913-e6a6e2baa67b,2025-05-19T15:42:05.000Z,2025-05-19T19:03:58.000Z,888,11:37:10,888,2,0,0,30.622011,-83.67519,3,3390763,243563,17R,,"Debris pile.2m tall veg and dead branches",11:42:02
43574f17-b6d6-4480-8a4e-2f4977694476,2025-05-19T15:37:05.000Z,2025-05-19T19:03:55.000Z,880,11:32:57,880,4,2,1,30.621552,-83.675734,3,3390713,243509,17R,,,11:37:04
6c0b9105-5cd3-4bac-94dc-94f96a15d787,2025-05-19T15:32:41.000Z,2025-05-19T19:03:53.000Z,874,11:28:58,874,15,0,1,30.621076,-83.675239,3,3390659,243556,17R,,"Near road in planted pine",11:32:39
a0d4fd2c-10c0-4796-bd7f-5dfe36d06810,2025-05-19T15:23:04.000Z,2025-05-19T19:03:51.000Z,867,11:21:01,867,1,0,0,30.620613,-83.675779,5,3390609,243503,17R,,,11:26:33
f655365e-5021-4aa2-a2a0-e0a6c639ab57,2025-05-19T15:01:17.000Z,2025-05-19T19:03:49.000Z,821,10:57:44,821,6,0,0,30.624056,-83.668292,9,3390974,244230,17R,,,11:01:16
632ae444-7e39-4d1f-b5e4-1e4ba35f8251,2025-05-19T14:52:33.000Z,2025-05-19T19:03:46.000Z,824,10:51:11,824,2,0,0,30.624576,-83.668839,3,3391033,244178,17R,,"Pine snag close to edge of plot",10:56:28
d2ac51e8-102e-4bf1-89eb-2bf04bc4e814,2025-05-19T14:50:28.000Z,2025-05-19T19:03:44.000Z,829,10:46:45,829,0,0,0,30.625045,-83.669353,6,3391086,244130,17R,,,10:50:27
f635d6a2-34c7-4090-aa41-866dd70e0be5,2025-05-19T14:45:50.000Z,2025-05-19T19:03:42.000Z,837,10:41:13,837,3,0,0,30.625485,-83.668819,11,3391133,244183,17R,,,10:45:48
7f74e477-03fe-4a71-9843-64792cfdb91d,2025-05-19T14:37:50.000Z,2025-05-19T19:03:40.000Z,843,10:32:40,843,2,0,0,30.625991,-83.669268,9,3391191,244141,17R,,"Near road",10:37:49
c9a8a6a3-cf89-419c-b27c-f06ffa199019,2025-05-19T14:32:36.000Z,2025-05-19T19:03:37.000Z,850,10:26:29,850,8,0,0,30.626435,-83.668745,4,3391239,244192,17R,,,10:32:35
a5a367a4-8d66-4da4-aa1a-6c1c93d6ae39,2025-05-19T14:26:16.000Z,2025-05-19T19:03:35.000Z,845,10:21:56,845,1,0,0,30.626034,-83.668101,5,3391193,244253,17R,,,10:26:15
153b2b25-7db7-414b-817e-63f5464d7d0a,2025-05-19T14:21:21.000Z,2025-05-19T19:03:33.000Z,852,10:15:44,852,2,18,0,30.626413,-83.667666,3,3391234,244296,17R,,,10:21:19
3cd570d1-8f50-46bd-b881-8fa7df6e1273,2025-05-19T14:07:28.000Z,2025-05-19T19:03:30.000Z,856,10:02:40,856,8,0,0,30.626921,-83.668194,10,3391291,244246,17R,,,10:15:28
39173b98-9265-4dc9-bd08-045efcb26aa3,2025-05-19T12:41:44.000Z,2025-05-19T19:03:28.000Z,878,08:35:46,878,3,0,0,30.621578,-83.676844,3,3390719,243403,17R,,,08:41:42
9672c682-6644-40c4-9479-c84ca194bdda,2025-05-19T12:35:38.000Z,2025-05-19T19:03:26.000Z,866,08:29:52,866,4,0,0,30.62062,-83.676333,7,3390611,243449,17R,,,08:35:24
0c9bdec9-82de-4bd7-abfa-2e396700eebf,2025-05-18T17:13:13.000Z,2025-05-18T17:13:34.000Z,1239,12:57:45,1239,1,0,0,30.650608,-84.215685,6,3394188,766822,16R,,,13:13:12
d072c6ee-c786-483d-8bd7-f42be84dab58,2025-05-18T16:57:35.000Z,2025-05-18T17:13:32.000Z,1245,12:52:50,1245,9,6,0,30.651073,-84.215062,3,3394241,766881,16R,,,12:57:34
f16c2b1f-da78-463a-ae8d-a98ae95bfdf9,2025-05-18T16:52:05.000Z,2025-05-18T17:13:29.000Z,1249,12:47:28,1249,0,0,1,30.651522,-84.215627,3,3394289,766825,16R,,,12:52:03
2c350c3b-278e-4d3b-8b5b-86a5ae97687e,2025-05-18T16:46:41.000Z,2025-05-18T17:13:27.000Z,1243,12:41:12,1243,2,0,0,30.65104,-84.216196,3,3394235,766772,16R,,,12:46:40
f918f057-5e41-4b3b-bddc-6235ab8445af,2025-05-18T16:28:57.000Z,2025-05-18T17:13:25.000Z,1247,12:23:37,1247,3,0,0,30.651542,-84.216729,6,3394289,766719,16R,,"Red head on snag outside scan but would be cool to see if it shows up",12:28:55
f4c2805b-b6af-4882-8b9b-577f6a960982,2025-05-18T16:23:04.000Z,2025-05-18T17:13:23.000Z,1241,12:19:36,1241,3,0,0,30.651132,-84.217307,8,3394242,766665,16R,,"May have bumped scan...",12:23:02
42dbaf80-ef23-4007-a32a-c16bc623de11,2025-05-18T16:04:36.000Z,2025-05-18T17:13:21.000Z,1235,12:00:07,1235,1,0,0,30.650624,-84.217904,3,3394184,766609,16R,,,12:04:35
4f650b45-00ee-4745-a00e-000a9202c886,2025-05-18T15:59:40.000Z,2025-05-18T17:13:19.000Z,1237,11:53:38,1237,1,0,0,30.650617,-84.216789,7,3394186,766716,16R,,,11:59:38
cc61e33b-43e2-4581-9282-a44b0e688c9b,2025-05-17T15:48:39.000Z,2025-05-17T16:01:03.000Z,1231,11:43:57,1231,3,0,0,30.650155,-84.216207,7,3394136,766773,16R,,"Next to road",11:48:38
d70a2e8c-7afd-44b6-a57f-4e7c23f9e5b4,2025-05-17T15:43:17.000Z,2025-05-17T16:01:01.000Z,1233,11:38:42,1233,2,0,0,30.650138,-84.215175,6,3394137,766872,16R,,,11:43:14
0fa89b61-7d7c-433e-9514-840ed06388d9,2025-05-17T15:38:30.000Z,2025-05-17T16:00:58.000Z,1234,11:32:34,1234,1,2,0,30.650079,-84.214572,7,3394132,766930,16R,,,11:38:28
e7dd9d63-97f5-4b06-8cf6-6b942581f3bb,2025-05-17T15:30:59.000Z,2025-05-17T16:00:56.000Z,1220,11:26:30,1220,2,4,0,30.649155,-84.214653,3,3394029,766925,16R,,"Dead wood nearby",11:30:57
cf1950a9-6ff0-408a-940a-0774f59c65a4,2025-05-17T15:25:16.000Z,2025-05-17T16:00:54.000Z,1226,11:20:23,1226,1,0,0,30.64962,-84.215154,6,3394080,766876,16R,,,11:25:14
c1224953-e5ae-468e-9749-7f8e1b3b7425,2025-05-17T15:19:22.000Z,2025-05-17T16:00:52.000Z,1218,11:14:35,1218,3,0,0,30.6492,-84.215699,4,3394032,766825,16R,,,11:19:21
de15f8fb-c7e7-4a41-bd52-136a1e2333fa,2025-05-17T15:14:11.000Z,2025-05-17T16:00:50.000Z,1213,11:11:00,1213,4,0,1,30.648732,-84.216284,3,3393978,766770,16R,,,11:14:10
c2b414ed-7c9e-4ae1-b159-a3a0c5600107,2025-05-17T15:10:01.000Z,2025-05-17T16:00:47.000Z,1213,11:06:05,1213,4,0,1,30.648736,-84.216266,6,3393979,766772,16R,"I am a placeholder answer","Yellow light",11:10:00
553ec910-b09c-44f8-96ec-416146794abb,2025-05-17T15:01:29.000Z,2025-05-17T16:00:45.000Z,1216,10:55:59,1216,1,0,0,30.649222,-84.216801,7,3394032,766719,16R,,,11:01:27
545e4d4c-ad41-43d7-832b-e6028ca4c07f,2025-05-17T14:53:46.000Z,2025-05-17T16:00:43.000Z,1215,10:48:55,1215,15,0,0,30.649237,-84.217365,9,3394032,766665,16R,,,10:53:44
d1e4112a-d6e8-407b-b8d2-898cb88d7b02,2025-05-17T14:48:45.000Z,2025-05-17T16:00:41.000Z,1221,10:43:30,1221,0,0,0,30.649714,-84.217862,6,3394084,766616,16R,,,10:48:42
4804743c-abf5-497d-af87-f3d7c7b752ec,2025-05-17T14:42:48.000Z,2025-05-17T16:00:38.000Z,1229,10:37:50,1229,3,0,0,30.650165,-84.217318,3,3394135,766667,16R,,"Down tree next to scanner",10:42:46
d15cfa23-eb85-4d92-b193-ff8244846656,2025-05-17T14:37:15.000Z,2025-05-17T16:00:36.000Z,1223,10:31:27,1223,0,0,0,30.649718,-84.216862,7,3394086,766712,16R,,"Open field",10:37:13
199c7f83-3b52-4932-814e-5565438296bd,2025-05-16T16:59:17.000Z,2025-05-16T20:40:22.000Z,434,12:30:04,434,7,0,1,30.849055,-84.011915,4,3416696,785770,16R,,,12:59:15
0f4f797e-889f-494b-9e6d-fc0a66d91b3a,2025-05-16T16:29:59.000Z,2025-05-16T20:40:20.000Z,441,12:24:38,441,3,0,0,30.849523,-84.01132,5,3416750,785826,16R,,,12:29:57
6a860c36-7fbe-4c36-8bd4-9d78ded71b10,2025-05-16T16:24:34.000Z,2025-05-16T20:40:18.000Z,431,12:18:34,431,4,0,0,30.848562,-84.011366,5,3416643,785824,16R,,,12:24:33
716be3a2-1cd3-400a-874e-13663765970d,2025-05-16T16:18:17.000Z,2025-05-16T20:40:16.000Z,436,12:12:33,436,8,0,0,30.849122,-84.010824,6,3416707,785875,16R,,,12:18:13
8d18b97b-1b45-470e-97f7-8c86bd908d41,2025-05-16T16:12:07.000Z,2025-05-16T20:40:14.000Z,433,12:07:34,433,12,0,0,30.848554,-84.010319,5,3416645,785925,16R,,,12:12:05
69afc5a9-c3b2-4efd-a363-c02d9d94e364,2025-05-16T16:05:44.000Z,2025-05-16T20:40:11.000Z,451,12:00:32,451,5,0,0,30.84999,-84.009702,3,3416806,785979,16R,,,12:05:42
875bc7f7-f8bc-4a04-942c-7af14dd78bed,2025-05-16T15:58:43.000Z,2025-05-16T20:40:09.000Z,457,11:53:06,457,4,0,0,30.850449,-84.010167,5,3416855,785934,16R,,,11:58:42
5cc682d9-818d-46e9-93cd-be6caae877a2,2025-05-16T15:51:03.000Z,2025-05-16T20:40:07.000Z,462,11:46:06,462,3,0,0,30.850937,-84.010753,3,3416908,785876,16R,,,11:51:02
8a4d8dcf-7171-47aa-9bd5-14dfc3f513c9,2025-05-16T15:44:36.000Z,2025-05-16T20:40:05.000Z,466,11:39:30,466,6,0,0,30.851413,-84.011304,5,3416959,785822,16R,,,11:44:32
5169c070-ac5b-419b-bc68-b470ead2a6e8,2025-05-16T15:38:34.000Z,2025-05-16T20:40:02.000Z,460,11:34:47,460,7,0,1,30.850954,-84.011824,4,3416907,785773,16R,,,11:38:33
bde2e472-8fa8-4def-bfcb-2fae4b3ea43e,2025-05-16T15:33:00.000Z,2025-05-16T20:40:00.000Z,453,11:25:17,453,9,0,0,30.850522,-84.012381,6,3416858,785721,16R,,,11:32:59
4954e9e5-d5b8-4dee-a491-1b134653317b,2025-05-15T17:51:29.000Z,2025-05-15T21:37:30.000Z,831,13:40:22,831,6,0,0,30.625039,-83.668274,3,3391083,244234,17R,,,13:51:28
a240def4-f489-41c9-abb1-6e5f0319d786,2025-05-15T15:54:11.000Z,2025-05-15T21:37:28.000Z,826,11:52:06,826,4,0,1,30.624537,-83.66771,3,3391026,244287,17R,,,11:54:10
082ef848-779f-45bb-a3fe-ffcffc76ab7c,2025-05-15T15:47:35.000Z,2025-05-15T21:37:25.000Z,833,11:45:27,833,4,0,0,30.624972,-83.66716,3,3391073,244340,17R,,,11:51:37
1e06b6eb-e9a0-47fe-9845-fa14e837e992,2025-05-15T15:40:22.000Z,2025-05-15T21:37:23.000Z,839,11:37:54,839,1,0,0,30.625443,-83.667715,3,3391126,244289,17R,,,11:42:48
a5c7965f-dcf0-4896-a8a1-4b64444531ae,2025-05-15T15:29:12.000Z,2025-05-15T21:37:21.000Z,847,11:27:18,847,1,2,2,30.625899,-83.667152,3,3391176,244344,17R,,,11:35:26
029815f8-30ba-4add-a3a0-9e20a6c0cceb,2025-05-15T15:27:05.000Z,2025-05-15T21:37:19.000Z,854,11:22:18,854,3,4,0,30.626397,-83.66655,4,3391229,244403,17R,,,11:27:00
ebbc88b9-66e4-428f-8be4-217660fa7d0f,2025-05-15T15:22:07.000Z,2025-05-15T21:37:17.000Z,849,11:17:34,849,4,0,0,30.625893,-83.666009,4,3391172,244453,17R,,,11:22:05
7d67b93e-4ec6-4b13-87e7-5a720ad6537a,2025-05-15T15:16:32.000Z,2025-05-15T21:37:15.000Z,841,11:11:53,841,4,0,0,30.625448,-83.666562,4,3391124,244399,17R,,,11:16:30
f5ba9992-5adc-4ddc-983f-f2929eca2912,2025-05-15T15:07:42.000Z,2025-05-15T21:37:13.000Z,835,11:06:36,835,6,0,0,30.624942,-83.666068,3,3391067,244445,17R,,,11:11:03
b76f3396-d147-4543-98db-194b16f22b4e,2025-05-15T15:01:04.000Z,2025-05-15T21:37:11.000Z,828,10:59:02,828,6,0,0,30.624502,-83.666619,3,3391019,244391,17R,,,11:04:35
6f08ab9a-2d6f-43b6-8315-425a5b7df1d8,2025-05-15T14:58:51.000Z,2025-05-15T21:37:09.000Z,823,10:52:47,823,3,0,0,30.624016,-83.667178,4,3390967,244336,17R,,,10:58:49
f26dc0df-f444-4fd3-b9de-40e07732c380,2025-05-14T15:50:51.000Z,2025-05-15T12:49:57.000Z,30,11:47:48,30,20,2,0,30.783236,-83.998303,3,3409424,213055,17R,,,11:50:49
1e566df5-bd57-4ef4-8958-7014cf5c8bbc,2025-05-14T15:42:56.000Z,2025-05-15T12:49:55.000Z,36,11:39:54,36,10,0,1,30.783623,-83.997725,3,3409465,213112,17R,,,11:42:54
eecb62f5-2305-40fc-859e-35942926de2c,2025-05-14T15:32:43.000Z,2025-05-15T12:49:53.000Z,32,11:29:40,32,21,1,0,30.783161,-83.997164,3,3409412,213164,17R,,,11:32:38
ae2b1edf-97cc-4bec-937f-222a73a2b198,2025-05-14T15:19:27.000Z,2025-05-15T12:49:51.000Z,25,11:16:13,25,16,1,0,30.782718,-83.997841,3,3409365,213098,17R,,,11:19:25
492b6eb4-5542-4c31-96ba-ad7622c23f93,2025-05-14T15:08:08.000Z,2025-05-15T12:49:48.000Z,23,11:04:57,23,18,2,0,30.782769,-83.998853,3,3409373,213001,17R,,,11:08:03
5e969460-78e2-4a3b-bea9-8d6a9cdc4b35,2025-05-14T14:29:44.000Z,2025-05-15T12:49:46.000Z,15,10:26:39,15,26,0,0,30.782271,-83.999454,3,3409320,212942,17R,,,10:29:42
665dcf0c-c4c4-4f49-b761-d4c1bfce2968,2025-05-14T14:16:55.000Z,2025-05-15T12:49:44.000Z,18,10:13:51,18,5,36,2,30.78219,-83.99794,3,3409307,213087,17R,,,10:16:53
1389df73-9a74-4ed9-8907-976c00397c3c,2025-05-14T14:05:04.000Z,2025-05-15T12:49:41.000Z,17,10:01:53,17,20,5,0,30.78226,-83.99832,3,3409315,213051,17R,,,10:05:02
fb4bb269-8d61-4e47-8844-9bae1bbff93c,2025-05-14T13:51:06.000Z,2025-05-15T12:49:39.000Z,9,09:48:05,9,15,0,0,30.781763,-83.998934,3,3409262,212990,17R,,,09:51:03
47ee00f0-b5b8-440b-aded-a9136f01c656,2025-05-14T13:41:44.000Z,2025-05-15T12:49:36.000Z,4,09:38:41,4,36,0,0,30.781291,-83.998423,3,3409208,213038,17R,,,09:41:39
8dc51fa9-1605-4148-ac46-6306ad4a012e,2025-05-14T13:34:47.000Z,2025-05-15T12:49:33.000Z,1,09:28:36,1,68,1,1,30.780854,-83.99784,3,3409158,213092,17R,,,09:33:39
635c32e3-d6ce-4c6f-8773-93e56c08f2d5,2025-05-14T13:11:59.000Z,2025-05-15T12:49:28.000Z,6,09:09:00,6,20,1,0,30.781287,-83.997334,3,3409205,213142,17R,,,09:11:57
a883c2d0-35bf-46a0-8f73-88a16cfb9888,2025-05-14T13:01:37.000Z,2025-05-15T12:49:26.000Z,13,08:58:48,13,4,25,0,30.781747,-83.996753,4,3409255,213199,17R,,,09:01:35
73bb6e22-b642-44c6-a9e7-74b43c92a50e,2025-05-14T12:40:21.000Z,2025-05-15T12:49:24.000Z,21,08:37:26,21,2,15,1,30.782179,-83.996223,3,3409301,213251,17R,,,08:40:19
c63b2480-ca49-48a1-984c-3fff7e5187fd,2025-05-10T13:42:55.000Z,2025-05-10T15:55:30.000Z,468,09:38:17,468,6,0,1,30.851413,-84.010189,4,3416962,785929,16R,,,09:42:53
61d2438d-7a30-4181-b8fc-7d70f1d6691f,2025-05-10T13:37:47.000Z,2025-05-10T15:55:28.000Z,464,09:32:31,464,6,4,0,30.851011,-84.009604,5,3416919,785986,16R,,,09:37:44
7f9234d0-42d6-42de-956c-aa8d47ba4689,2025-05-10T13:32:16.000Z,2025-05-10T15:55:21.000Z,459,09:27:47,459,4,0,1,30.850411,-84.009103,5,3416854,786035,16R,,,09:32:14
5dcb9b25-aa24-42e0-860f-00e5b658849d,2025-05-10T13:26:30.000Z,2025-05-10T15:55:18.000Z,445,09:22:14,445,12,0,2,30.849486,-84.009099,3,3416751,786039,16R,,,09:26:28
868ef17d-5348-48ab-9107-f0297c2fe67a,2025-05-10T13:21:53.000Z,2025-05-10T15:55:14.000Z,438,09:17:22,438,5,0,0,30.849023,-84.009693,4,3416699,785983,16R,,,09:21:50
03d68d72-f54b-43fe-a613-00830c14674c,2025-05-10T13:17:08.000Z,2025-05-10T15:55:07.000Z,443,09:11:00,443,3,0,0,30.849498,-84.010199,4,3416750,785933,16R,,,09:17:06
becb4cbf-d0d6-4cea-8354-e37209844d36,2025-05-10T13:10:49.000Z,2025-05-10T15:55:04.000Z,449,09:06:07,449,10,0,1,30.849997,-84.010741,3,3416804,785880,16R,,,09:10:47
c1dd597b-9ae0-465c-b3d8-8f3ff2d7aeda,2025-05-10T13:04:38.000Z,2025-05-10T15:55:02.000Z,455,09:00:43,455,8,0,1,30.850462,-84.011283,6,3416854,785827,16R,,,09:04:36
3fcfdb13-b096-42a5-99af-7507a7ec3838,2025-05-10T13:00:36.000Z,2025-05-10T15:55:00.000Z,447,08:53:31,447,10,0,0,30.850029,-84.011853,4,3416805,785773,16R,,,09:00:35
f0bca90a-40e5-43ec-94f9-972ff1d4e83d,2025-05-10T12:52:28.000Z,2025-05-10T15:54:58.000Z,439,08:47:18,439,11,0,0,30.849553,-84.012452,5,3416750,785718,16R,,"Lots of young pine",08:52:26
0346b2ef-fcc9-463f-ba0d-a900b0ae5712,2025-05-08T15:39:24.000Z,2025-05-08T15:40:26.000Z,508,11:36:10,508,25,0,1,30.846671,-84.019232,4,3416413,785077,16R,,,11:39:20
4d18bb44-365f-4eee-98c4-e34e1b93e224,2025-05-08T15:32:07.000Z,2025-05-08T15:40:24.000Z,506,11:27:28,506,7,3,0,30.846667,-84.020362,4,3416410,784969,16R,,,11:32:03
a98be00a-5a0d-425d-8e28-924c6383bee0,2025-05-08T15:19:19.000Z,2025-05-08T15:40:22.000Z,500,11:16:20,500,14,0,1,30.846198,-84.020965,4,3416356,784913,16R,,,11:19:16
cefbcc39-8696-4c0d-9d20-609168eb45f1,2025-05-08T15:09:10.000Z,2025-05-08T15:40:20.000Z,502,11:06:20,502,28,0,3,30.846119,-84.019775,4,3416351,785027,16R,,,11:09:06
97e9a13e-1b33-4010-b4d0-7facab85429c,2025-05-08T15:06:09.000Z,2025-05-08T15:40:18.000Z,502,11:04:47,502,28,0,3,30.846137,-84.01977,3,3416353,785027,16R,"I am a placeholder answer",,11:06:07
df82a5cd-ce46-44dc-a158-557f3110e4c9,2025-05-08T14:52:17.000Z,2025-05-08T15:40:16.000Z,504,10:49:13,504,14,0,0,30.846139,-84.018722,4,3416356,785128,16R,,,10:52:15
92ccd142-9d28-46f1-9c10-594e4dc96d26,2025-05-08T14:40:15.000Z,2025-05-08T15:40:12.000Z,497,10:37:06,497,1300,0,0,30.845692,-84.019248,3,3416305,785079,16R,,,10:40:09
e5848da3-ff62-4ec5-bca8-801a9128dd55,2025-05-08T14:30:51.000Z,2025-05-08T15:40:09.000Z,495,10:27:55,495,7,0,1,30.845684,-84.020378,4,3416301,784971,16R,,,10:30:45
6177e15f-c62b-4050-a1cc-6c6283baa077,2025-05-08T14:27:40.000Z,2025-05-08T15:40:07.000Z,495,10:26:21,495,7,0,1,30.845679,-84.02037,3,3416300,784971,16R,"I am a placeholder answer",,10:27:38
1fbb46cf-6189-4cfe-a3da-e8cfe855fee1,2025-05-08T14:20:38.000Z,2025-05-08T15:40:01.000Z,493,10:17:39,493,3,0,0,30.845727,-84.021424,3,3416303,784870,16R,,,10:20:35
01b5110c-f567-4173-a1e6-ff50d63b49df,2025-05-08T14:17:22.000Z,2025-05-08T15:39:58.000Z,485,10:07:07,485,3,5,1,30.845235,-84.021955,3,3416247,784821,16R,,,10:17:13
2f16c5b2-8af1-4c88-8085-7b29e6f3b261,2025-05-08T13:57:01.000Z,2025-05-08T15:39:55.000Z,487,09:53:59,487,7,5,0,30.845282,-84.0208,3,3416255,784931,16R,,,09:56:51
225db7a1-d6f6-4c4e-bee3-4514320424f4,2025-05-08T13:48:59.000Z,2025-05-08T15:39:53.000Z,488,09:45:56,488,9,0,1,30.845249,-84.02033,3,3416253,784977,16R,,,09:48:56
1a49a160-b8e3-431a-bcaf-aff4a78f033f,2025-05-08T13:40:12.000Z,2025-05-08T15:39:51.000Z,489,09:37:04,489,5,0,0,30.84515,-84.019832,3,3416243,785024,16R,,,09:40:09
9d0b9349-0798-4e96-9da2-84399e671988,2025-05-08T13:27:06.000Z,2025-05-08T15:39:49.000Z,491,09:23:47,491,9,0,1,30.845193,-84.01872,3,3416251,785131,16R,,,09:27:04
7a6f5dae-9730-40f2-9450-1dcff6ed5988,2025-05-08T13:15:56.000Z,2025-05-08T15:39:46.000Z,483,09:12:43,483,10,0,0,30.844789,-84.019312,4,3416204,785075,16R,,,09:15:54
d43a1c6b-1abd-40f3-b580-ad1e36444178,2025-05-08T13:12:31.000Z,2025-05-08T15:39:44.000Z,483,09:09:13,483,10,0,0,30.844757,-84.01932,3,3416201,785075,16R,"I am a placeholder answer",,09:12:29
d08f0f02-a478-4970-9913-26de6b4deba5,2025-05-08T13:02:31.000Z,2025-05-08T15:39:42.000Z,481,08:59:44,481,7,0,0,30.844768,-84.020398,3,3416199,784971,16R,,,09:02:30
7549480e-527b-4365-bef2-c47eab004873,2025-05-08T12:59:06.000Z,2025-05-08T15:39:40.000Z,481,08:56:29,481,7,0,0,30.844762,-84.020408,3,3416199,784971,16R,"I am a placeholder answer",,08:59:03
3bb99d6a-2586-4e46-b105-a20bed645a65,2025-05-08T12:48:18.000Z,2025-05-08T15:39:38.000Z,479,08:45:17,479,8,2,0,30.844772,-84.021472,4,3416197,784869,16R,,,08:48:15
33392401-c667-47b8-bfdd-6b2fbaa22526,2025-05-08T12:36:23.000Z,2025-05-08T15:39:35.000Z,474,08:33:28,474,2,0,0,30.844271,-84.020946,3,3416143,784920,16R,,,08:36:21
f814b716-93b7-4176-ae80-310edbd9a458,2025-05-08T12:24:57.000Z,2025-05-08T15:39:33.000Z,476,08:21:59,476,18,0,0,30.844254,-84.019892,4,3416144,785021,16R,,,08:24:55
fe6af879-ae18-45f3-bc03-6385c470b11f,2025-05-08T12:08:01.000Z,2025-05-08T15:39:31.000Z,471,08:04:53,471,13,0,0,30.843827,-84.020368,4,3416095,784977,16R,,,08:07:56
4b62ca3f-2c53-4023-a0fd-db8ebd16d0d3,2025-05-06T18:03:35.000Z,2025-05-07T00:29:22.000Z,985,13:58:32,985,5,0,0,30.661387,-84.217139,3,3395380,766653,16R,,,14:03:33
8a20042a-3a7b-44b7-a38b-1d52de78a5a2,2025-05-06T17:57:59.000Z,2025-05-07T00:29:19.000Z,980,13:50:10,980,2,0,0,30.66093,-84.217739,3,3395327,766597,16R,,,13:57:56
32a98334-4565-4250-b3f6-55cfce18af3a,2025-05-06T17:48:42.000Z,2025-05-07T00:29:17.000Z,978,13:44:48,978,2,0,1,30.660963,-84.21875,4,3395329,766500,16R,,"Recently burned",13:48:39
93b665fd-7acb-4f62-89ec-c6522fa3b506,2025-05-06T17:43:17.000Z,2025-05-07T00:29:15.000Z,983,13:37:33,983,3,0,0,30.661434,-84.218246,3,3395382,766547,16R,,,13:43:16
4f230f7f-75ec-4d89-8364-b537e691c727,2025-05-06T17:36:49.000Z,2025-05-07T00:29:13.000Z,990,13:31:27,990,4,0,1,30.661859,-84.217706,3,3395431,766597,16R,,,13:36:47
6f928977-94d8-40fc-829e-e71da76989a5,2025-05-06T17:30:04.000Z,2025-05-07T00:29:11.000Z,1004,13:26:00,1004,6,0,0,30.662853,-84.217699,3,3395541,766595,16R,,,13:30:02
7108e55b-01c9-43d0-82c1-ca4a73bb3e37,2025-05-06T17:24:22.000Z,2025-05-07T00:29:08.000Z,1009,13:18:31,1009,2,0,0,30.663299,-84.21819,3,3395589,766547,16R,,,13:24:20
030a70f2-adb8-4e02-a9be-c86178510617,2025-05-06T17:18:09.000Z,2025-05-07T00:29:06.000Z,1002,13:12:52,1002,1,0,0,30.662837,-84.218736,3,3395537,766496,16R,,,13:18:07
f0573abd-c36a-4dde-9ee5-bd28604a56d2,2025-05-06T17:12:18.000Z,2025-05-07T00:29:04.000Z,996,13:06:35,996,6,0,0,30.66232,-84.218275,5,3395480,766542,16R,,,13:12:16
d17412da-1c9e-43b6-9a83-8e36f168c460,2025-05-06T17:05:33.000Z,2025-05-07T00:29:01.000Z,988,13:00:57,988,1,0,1,30.661888,-84.218826,5,3395431,766490,16R,,"Big dead tree",13:05:30
4dff38ac-df33-49ba-b711-8cd90f7d252a,2025-05-06T17:00:47.000Z,2025-05-07T00:28:59.000Z,981,12:56:03,981,9,0,1,30.661423,-84.219392,3,3395378,766437,16R,,,13:00:45
34f755bc-f182-40fc-89dc-0137ede10017,2025-05-06T16:55:40.000Z,2025-05-07T00:28:57.000Z,986,12:50:54,986,0,0,0,30.66195,-84.219928,3,3395435,766384,16R,,Field,12:55:38
d8f78194-ac68-4a32-9eb0-93b616fd6837,2025-05-06T16:50:50.000Z,2025-05-07T00:28:54.000Z,994,12:45:43,994,3,0,0,30.662402,-84.219327,4,3395487,766441,16R,,,12:50:47
1a0beabf-12e6-4d9f-9cfb-05e71724760e,2025-05-06T16:45:37.000Z,2025-05-07T00:28:52.000Z,1000,12:40:36,1000,3,1,0,30.662869,-84.21988,3,3395537,766386,16R,,"Live oak",12:45:35
a369c3fd-a207-4f64-ba3c-574b57fac334,2025-05-06T16:40:29.000Z,2025-05-07T00:28:50.000Z,1007,12:34:48,1007,1,0,0,30.663353,-84.219296,4,3395592,766441,16R,,,12:40:27
14334b8a-0670-4366-9b44-ea87062bc02d,2025-05-06T16:33:52.000Z,2025-05-07T00:28:48.000Z,1013,12:28:48,1013,2,1,1,30.663762,-84.218712,3,3395639,766496,16R,,,12:33:51
a46e3e46-6721-4bb6-8b09-b43182f5331e,2025-05-06T16:28:20.000Z,2025-05-07T00:28:46.000Z,1015,12:22:59,1015,16,2,0,30.663697,-84.217633,3,3395635,766599,16R,,"Near nb66",12:28:18
cc199c9e-01f2-4cee-ad14-e98963801678,2025-05-06T16:22:28.000Z,2025-05-07T00:28:43.000Z,1011,12:17:26,1011,1,1,0,30.663295,-84.217103,7,3395591,766651,16R,,,12:22:26
5fa7efdd-8944-4d28-9576-75437547745d,2025-05-06T16:17:12.000Z,2025-05-07T00:28:41.000Z,1006,12:11:50,1006,1,0,0,30.662804,-84.216598,4,3395538,766701,16R,,,12:17:09
fa04c186-c8fe-448c-ba82-047d120773ad,2025-05-06T16:10:14.000Z,2025-05-07T00:28:39.000Z,998,12:05:46,998,3,0,0,30.662353,-84.217157,4,3395487,766649,16R,,,12:10:12
306c9c9b-8139-44f4-8f64-af19145d7f80,2025-05-06T16:05:38.000Z,2025-05-07T00:28:37.000Z,992,11:58:25,992,2,0,0,30.661804,-84.216643,4,3395427,766699,16R,,,12:05:37
d5464937-b809-4e85-befa-7290cf0aa9fa,2025-05-05T21:54:46.000Z,2025-05-05T22:05:25.000Z,1103,17:48:06,1103,4,1,0,30.65774,-84.207009,3,3394999,767634,16R,,,17:54:45
c45d7361-5415-46d8-b46a-fe551ef6cdc2,2025-05-05T21:46:51.000Z,2025-05-05T22:05:23.000Z,1111,17:40:09,1111,1,0,0,30.658162,-84.206414,12,3395048,767690,16R,,,17:46:49
cee6c400-c4e5-44f0-a071-a8c821561003,2025-05-05T21:33:36.000Z,2025-05-05T22:05:21.000Z,1117,17:27:05,1117,3,0,1,30.658737,-84.206976,6,3395110,767635,16R,"I am a placeholder answer","Battery died",17:33:30
699436a4-25cb-4654-a2de-0af9d48089cc,2025-05-05T21:38:13.000Z,2025-05-05T22:05:19.000Z,1117,17:34:15,1117,3,0,1,30.658671,-84.206976,4,3395103,767635,16R,,"Battery died on last scan",17:38:11
3d27183a-aaf6-49e1-a77c-8ea0ae166c9e,2025-05-05T21:26:49.000Z,2025-05-05T22:05:16.000Z,1124,17:19:34,1124,10,0,0,30.659181,-84.206257,7,3395161,767702,16R,,,17:26:47
4ae5623f-2220-46a4-aed4-93bd80ba5a55,2025-05-05T21:13:34.000Z,2025-05-05T22:05:14.000Z,1119,17:06:58,1119,10,0,0,,,,,,,,,17:13:32
93f683b6-0969-4089-bcce-56ca2af9a5d4,2025-05-05T21:05:44.000Z,2025-05-05T22:05:12.000Z,1113,17:00:13,1113,4,0,0,30.658219,-84.205307,3,3395056,767796,16R,,,17:05:42
5a8ae03b-6c92-4608-af73-7379b4bc54f8,2025-05-05T20:56:39.000Z,2025-05-05T22:05:10.000Z,1105,16:48:36,1105,2,1,0,30.657718,-84.205898,3,3395000,767741,16R,,,16:56:38
530d3c7a-8d3a-4097-8251-e1555e4a6992,2025-05-05T20:46:39.000Z,2025-05-05T22:05:07.000Z,1098,16:37:43,1098,4,0,0,30.657252,-84.206445,7,3394947,767690,16R,,"Pine trees are behind each other so scan may not detect it",16:46:37
c2cf256e-29f3-4184-8f9a-56299c4f6020,2025-05-05T20:36:41.000Z,2025-05-05T22:05:05.000Z,1095,16:29:58,1095,1,1,0,30.656756,-84.205882,5,3394893,767745,16R,,,16:36:39
afd5fb84-3610-4f4c-94b4-e29c93564e9d,2025-05-05T18:23:34.000Z,2025-05-05T22:05:03.000Z,1126,14:16:57,1126,10,0,0,30.659101,-84.205252,4,3395154,767799,16R,,,14:23:32
6c8bbee0-a4b4-4a54-a057-d986e71c2f5c,2025-05-05T18:16:34.000Z,2025-05-05T22:05:01.000Z,1121,14:11:25,1121,5,0,0,30.65863,-84.204778,5,3395103,767846,16R,,,14:16:30
898beb66-1572-438b-bd1c-975e3451e5ad,2025-05-05T18:09:17.000Z,2025-05-05T22:04:59.000Z,1115,14:01:17,1115,6,6,1,30.658119,-84.204166,3,3395048,767906,16R,,,14:09:16
fbd58d0f-372c-461a-a692-a264b5ee3669,2025-05-05T17:59:39.000Z,2025-05-05T22:04:56.000Z,1107,13:52:44,1107,10,0,0,30.657717,-84.204816,3,3395002,767844,16R,,,13:59:38
acf8c07c-9918-4db1-aefa-372d758bfe16,2025-05-05T17:50:42.000Z,2025-05-05T22:04:54.000Z,1100,13:43:03,1100,5,0,0,30.657207,-84.20536,6,3394944,767794,16R,,,13:50:40
a196adb5-5bee-46ee-b65a-e764232c7093,2025-05-05T17:36:09.000Z,2025-05-05T22:04:52.000Z,1097,13:27:03,1097,13,0,0,30.656736,-84.204875,3,3394893,767841,16R,,,13:36:08
882e91f7-cb40-4098-9ade-ddde326ad001,2025-05-05T17:25:10.000Z,2025-05-05T22:04:50.000Z,1102,13:18:29,1102,5,3,1,30.657197,-84.204252,4,3394946,767900,16R,,,13:25:08
7cbaf623-0de8-489f-a8ce-82fa6420e662,2025-05-05T17:17:44.000Z,2025-05-05T22:04:48.000Z,1109,13:11:09,1109,6,6,1,30.657619,-84.203721,3,3394994,767950,16R,,,13:17:42
3f04f6d3-c45a-4714-9ea8-9102ed3ddda0,2025-05-05T17:10:57.000Z,2025-05-05T22:04:46.000Z,1123,13:06:22,1123,4,0,0,30.658592,-84.203668,3,3395102,767952,16R,,,13:10:55
7e2b681c-0350-407c-a81a-261f54d70657,2025-05-05T17:05:37.000Z,2025-05-05T22:04:43.000Z,1128,13:00:49,1128,7,0,0,30.65907,-84.204209,6,3395153,767899,16R,,,13:05:36
af95bd00-66b4-476d-be5c-b204eaf9adc5,2025-05-05T17:00:44.000Z,2025-05-05T22:04:41.000Z,1132,12:55:37,1132,15,0,0,30.659573,-84.204725,3,3395208,767848,16R,,,13:00:42
6a593b71-1079-4581-a618-709c830d3838,2025-05-05T16:51:38.000Z,2025-05-05T22:04:39.000Z,1130,12:45:36,1130,5,0,1,30.659609,-84.205793,7,3395209,767746,16R,,,12:52:33
3b36ebc9-8a3d-4983-ad5c-75aa0003599d,2025-05-03T17:01:23.000Z,2025-05-03T17:25:11.000Z,1095,12:55:59,1095,3,0,0,30.66261,-84.23674,5,3395469,764771,16R,,,13:01:21
b17f79e0-1dca-43ee-842b-c0ff980b2517,2025-05-03T16:50:39.000Z,2025-05-03T17:25:09.000Z,1089,12:46:13,1089,1,0,1,30.66219,-84.237221,12,3395421,764726,16R,,,12:50:35
046300b6-6080-44b3-8e2a-d964468cfb2c,2025-05-03T16:45:25.000Z,2025-05-03T17:25:07.000Z,1093,12:40:04,1093,13,1,1,30.662683,-84.237869,3,3395474,764662,16R,,,12:45:24
cb7ee5dd-75a5-4274-adbc-7d1bf9e59d0c,2025-05-03T16:39:10.000Z,2025-05-03T17:25:05.000Z,1087,12:33:41,1087,5,0,0,30.66223,-84.238425,3,3395423,764610,16R,,,12:39:09
b8b28b09-bc6f-4e96-8f0e-f35c9a82eb9b,2025-05-03T16:31:41.000Z,2025-05-03T17:25:03.000Z,1079,12:26:13,1079,2,0,0,30.661749,-84.239564,8,3395367,764503,16R,,,12:31:40
3dac2476-df1e-4e52-8dcb-75a7b855294e,2025-05-03T16:24:51.000Z,2025-05-03T17:25:01.000Z,1073,12:18:59,1073,2,10,1,30.66131,-84.23903,3,3395319,764555,16R,,,12:24:49
e7127aae-306e-4b29-99c3-75c4c709fa5c,2025-05-03T16:17:18.000Z,2025-05-03T17:24:58.000Z,1065,12:12:18,1065,16,0,0,30.660889,-84.239642,3,3395271,764497,16R,,,12:17:17
6982006d-0143-4b78-9099-bb9c58873b30,2025-05-03T16:04:26.000Z,2025-05-03T17:24:56.000Z,1061,11:58:59,1061,14,0,0,30.660342,-84.238482,8,3395213,764610,16R,"I am a placeholder answer",,12:04:24
2c109ee2-7612-45fc-8191-490c76a60482,2025-05-03T16:09:32.000Z,2025-05-03T17:24:54.000Z,1061,12:05:12,1061,15,0,0,30.660304,-84.238505,3,3395209,764608,16R,,,12:09:31
5391b95e-c8f6-4fe0-b46c-1630bad3b552,2025-05-03T15:58:04.000Z,2025-05-03T17:24:52.000Z,1057,11:51:29,1057,5,0,0,30.659908,-84.238547,3,3395165,764605,16R,,,11:58:03
c961cdef-5db9-485b-9704-a69d3327c14f,2025-05-03T15:50:31.000Z,2025-05-03T17:24:50.000Z,1059,11:44:35,1059,19,0,0,30.659809,-84.237426,3,3395157,764713,16R,,,11:50:29
282da2ee-8145-4d99-a245-33b039aa26ce,2025-05-03T15:44:09.000Z,2025-05-03T17:24:48.000Z,1063,11:39:25,1063,14,0,1,30.660325,-84.237439,3,3395214,764710,16R,,,11:44:07
e11edcdb-9f5c-48d6-9322-a94be3a26ca9,2025-05-03T15:36:53.000Z,2025-05-03T17:24:46.000Z,1071,11:32:29,1071,13,0,0,30.660755,-84.236333,7,3395264,764815,16R,,,11:36:52
966d14b0-e3b8-47a9-997a-5ba5d8a0746e,2025-05-03T15:28:02.000Z,2025-05-03T17:24:44.000Z,1077,11:23:32,1077,7,0,0,30.661248,-84.236807,4,3395318,764768,16R,,,11:28:00
22290adf-e10a-49b2-9313-4004873a77b3,2025-05-03T15:21:23.000Z,2025-05-03T17:24:41.000Z,1085,11:16:56,1085,6,0,1,30.661732,-84.236288,3,3395372,764817,16R,,,11:21:21
ba0e4a7d-c6c3-4dfb-9ff8-ed08e7086f77,2025-05-03T15:15:41.000Z,2025-05-03T17:24:39.000Z,1091,11:08:41,1091,5,0,0,30.662201,-84.236179,3,3395425,764826,16R,,,11:15:39
ad9d04bf-62a2-453c-b32a-cb409b8c7ade,2025-05-03T14:23:30.000Z,2025-05-03T17:24:37.000Z,1196,10:17:41,1196,3,0,0,30.650569,-84.22784,3,3394155,765657,16R,,,10:23:28
f0f6bdb5-154f-48fe-8495-981696c3b6de,2025-05-03T14:15:36.000Z,2025-05-03T17:24:35.000Z,1182,10:10:31,1182,1,0,0,30.649636,-84.227868,3,3394051,765657,16R,,,10:15:34
67219245-3825-49bb-b1ec-3f01fc0b369f,2025-05-03T14:08:36.000Z,2025-05-03T17:24:33.000Z,1190,10:04:40,1190,14,0,0,30.650087,-84.22724,8,3394103,765716,16R,,"Lots of trees and grass",10:08:34
250e4f4a-5718-499f-8c68-0dd19aba94e1,2025-05-03T14:03:00.000Z,2025-05-03T17:24:31.000Z,1198,09:56:59,1198,1,0,0,30.650581,-84.226629,5,3394159,765773,16R,,,10:02:58
01f419a3-c9cc-472b-8365-5804859422dc,2025-05-03T13:54:41.000Z,2025-05-03T17:24:29.000Z,1204,09:50:21,1204,6,0,0,30.65107,-84.226651,3,3394213,765770,16R,,"5 or more small trees around",09:54:40
836d2105-20eb-4893-a826-444d5140b6e3,2025-05-03T13:44:04.000Z,2025-05-03T17:24:27.000Z,1210,09:39:32,1210,6,0,0,30.65151,-84.226155,3,3394263,765816,16R,,,09:44:03
f35ee0d3-5d8b-4490-a39c-e26739b3ede1,2025-05-03T13:37:29.000Z,2025-05-03T17:24:25.000Z,1212,09:31:50,1212,2,0,0,30.65159,-84.225013,3,3394275,765925,16R,,,09:37:27
7b762055-11d4-4a8f-9b50-b81f64e4c67c,2025-05-03T13:28:59.000Z,2025-05-03T17:24:22.000Z,1206,09:24:12,1206,3,0,1,30.651,-84.225582,5,3394208,765872,16R,,,09:28:58
b13956a5-5861-42fc-8610-c90661cc7fa9,2025-05-02T18:39:33.000Z,2025-05-02T18:54:02.000Z,1208,14:35:28,1208,3,0,0,30.650969,-84.224485,3,3394207,765977,16R,,,14:39:31
3cc62086-0028-4ece-954e-0702c6dcea37,2025-05-02T18:33:42.000Z,2025-05-02T18:54:00.000Z,1202,14:27:13,1202,6,0,1,30.650511,-84.224554,4,3394156,765972,16R,,,14:33:41
282e6ec2-f272-41b6-ba40-c0ac64e6c219,2025-05-02T18:21:01.000Z,2025-05-02T18:53:58.000Z,1188,14:12:36,1188,3,0,0,30.64955,-84.224544,3,3394050,765976,16R,,,14:20:59
6072658f-b600-46e1-9f19-c405c64aab43,2025-05-02T17:52:20.000Z,2025-05-02T18:53:56.000Z,1176,13:45:57,1176,0,0,1,30.648616,-84.225652,4,3393943,765872,16R,,,13:52:18
a7ea2177-081a-48b6-993c-035283248fc8,2025-05-02T17:41:47.000Z,2025-05-02T18:53:54.000Z,1180,13:38:02,1180,2,0,3,30.649124,-84.225648,3,3394000,765871,16R,,,13:41:46
940a3829-1979-439f-acd3-99ffa69258cd,2025-05-02T17:35:35.000Z,2025-05-02T18:53:51.000Z,1186,13:30:54,1186,2,0,0,30.64959,-84.225627,3,3394051,765872,16R,,,13:35:33
a2bcbf98-512a-4005-af35-233ef97f343a,2025-05-02T17:27:33.000Z,2025-05-02T18:53:49.000Z,1194,13:22:09,1194,0,1,0,30.650057,-84.225041,3,3394105,765927,16R,,,13:27:31
f54cd77b-f6da-4260-b8c1-b74b4c4d3ac9,2025-05-02T17:18:56.000Z,2025-05-02T18:53:47.000Z,1200,13:15:26,1200,1,0,0,30.650543,-84.225634,3,3394157,765868,16R,,"Near feedline",13:18:54
3245f0c9-5c49-4e6a-bbce-bff82c762194,2025-05-02T17:13:16.000Z,2025-05-02T18:53:45.000Z,1192,13:07:30,1192,3,0,1,30.650106,-84.226153,3,3394107,765820,16R,,,13:13:15
6203b2aa-d738-4926-911f-51d770bee728,2025-05-02T17:05:20.000Z,2025-05-02T18:53:43.000Z,1184,12:59:16,1184,0,0,0,30.649601,-84.22672,3,3394050,765767,16R,,"Open field",13:05:19
0a6990f4-843a-4317-a7f8-f377cbc0414d,2025-05-02T16:57:07.000Z,2025-05-02T18:53:41.000Z,1178,12:52:58,1178,0,0,0,30.649112,-84.226734,3,3393996,765767,16R,,"Open field",12:57:05
c72f9330-383e-461a-bd43-8adb1f61d437,2025-05-02T16:50:15.000Z,2025-05-02T18:53:38.000Z,1174,12:46:26,1174,1,0,0,30.648679,-84.226759,3,3393948,765766,16R,,"Lots of longleaf regen",12:50:13
e6a564d7-1128-49ac-a60a-771974a94684,2025-05-01T15:23:42.000Z,2025-05-01T15:50:07.000Z,879,11:20:43,879,6,0,2,30.621581,-83.676851,4,3390719,243402,17R,,,11:23:40
9b94600f-bb4e-4ec9-9059-fd0c204446ac,2025-05-01T15:08:22.000Z,2025-05-01T15:50:04.000Z,871,11:05:02,871,14,0,0,30.62115,-83.67738,3,3390672,243350,17R,,,11:08:20
f7a0c9fa-f236-43cf-bf5a-d9ae468db842,2025-05-01T14:56:15.000Z,2025-05-01T15:50:02.000Z,865,10:52:39,865,1,14,0,30.620631,-83.677389,4,3390615,243348,17R,,,10:56:13
1c739818-1121-4255-9ecf-a0cddf88cfa1,2025-05-01T14:37:58.000Z,2025-05-01T15:50:00.000Z,869,10:33:59,869,2,3,1,30.621149,-83.678557,3,3390675,243238,17R,,,10:37:56
530f67f1-a716-4213-914d-371e2a586e03,2025-05-01T14:15:00.000Z,2025-05-01T15:49:58.000Z,883,10:11:40,883,8,1,0,30.622105,-83.678436,3,3390781,243252,17R,,,10:14:58
c22fb12b-481a-4a61-98d9-14987ffd725f,2025-04-30T19:30:11.000Z,2025-04-30T21:25:02.000Z,518,15:26:44,518,10,0,0,30.836183,-84.018589,3,3415252,785170,16R,,"Lots of small pines",15:30:10
cc779fc6-c465-49bd-bbe8-5ad9f958063e,2025-04-30T19:25:27.000Z,2025-04-30T21:25:00.000Z,526,15:21:56,526,2,0,0,30.836569,-84.018024,3,3415296,785223,16R,,"1 pine marginal",15:25:26
d311a292-d85d-4964-a2d2-691f69b4e623,2025-04-30T19:20:42.000Z,2025-04-30T21:24:58.000Z,532,15:17:33,532,1,0,0,30.837113,-84.018608,3,3415355,785165,16R,,"1 marginal pine in plot",15:20:40
a54f1f65-3858-466f-9c3a-8382e002a98e,2025-04-30T19:15:39.000Z,2025-04-30T21:24:55.000Z,540,15:11:59,540,2,0,0,30.83755,-84.017475,3,3415406,785273,16R,,,15:15:38
f3f5ab14-8aa4-4e9f-94aa-512ebe8e1567,2025-04-30T19:04:49.000Z,2025-04-30T21:24:53.000Z,546,15:00:40,546,15,1,0,30.837961,-84.016905,3,3415453,785326,16R,,"Lots of midstory pines here",15:04:48
3578ae56-1b93-439a-b84e-a8f91e01e3ce,2025-04-30T18:59:26.000Z,2025-04-30T21:24:51.000Z,542,14:55:55,542,5,0,0,30.837514,-84.016387,3,3415405,785377,16R,,,14:59:24
cdfeca05-c1f0-4355-a816-88a0368da25d,2025-04-30T18:54:47.000Z,2025-04-30T21:24:48.000Z,548,14:50:28,548,22,1,0,30.837866,-84.016023,3,3415445,785411,16R,,,14:54:45
e7756c40-d369-4a34-863c-4c9ab87d9998,2025-04-30T18:48:31.000Z,2025-04-30T21:24:46.000Z,544,14:44:29,544,21,3,0,30.837462,-84.015395,3,3415402,785472,16R,,"Moved the plot since it was on railroad tracks",14:48:30
73fadebb-263e-41f8-9ab3-2ff37955f835,2025-04-30T18:44:24.000Z,2025-04-30T21:24:43.000Z,538,14:39:11,538,1,0,0,30.83699,-84.015277,3,3415350,785485,16R,,"1 pine marginal",14:44:05
5290f067-456a-4f13-817f-f4f69b052d00,2025-04-30T18:37:24.000Z,2025-04-30T21:24:41.000Z,530,14:33:45,530,2,0,0,30.836576,-84.015797,4,3415303,785436,16R,,"Shrubby but he are too small to be trees",14:37:22
78222920-3721-4f90-9275-927d953655b1,2025-04-30T18:30:54.000Z,2025-04-30T21:24:39.000Z,524,14:26:38,524,1,12,0,30.83609,-84.015467,3,3415250,785469,16R,,"Moved scan, could not access location. Black gum swamp",14:30:52
242e65e5-6b5e-46b7-8399-4f4912ae164a,2025-04-30T18:26:34.000Z,2025-04-30T21:24:37.000Z,516,14:20:43,516,1,0,1,30.835602,-84.016406,3,3415193,785381,16R,,,14:26:32
e9aae448-63c7-4af5-895c-70501154b569,2025-04-30T18:19:35.000Z,2025-04-30T21:24:35.000Z,512,14:16:02,512,2,0,0,30.835108,-84.016448,4,3415138,785378,16R,,"2 trees in plot are on edge of plot",14:19:33
ab0e3778-6710-4253-9d6b-7ad759809c3c,2025-04-30T18:14:25.000Z,2025-04-30T21:24:33.000Z,510,14:11:13,510,3,0,1,30.835151,-84.01747,3,3415140,785280,16R,,,14:14:23
c735bf9b-2e57-4773-a400-579f81a0a719,2025-04-30T18:09:39.000Z,2025-04-30T21:24:30.000Z,514,14:05:21,514,1,0,0,30.835634,-84.01747,3,3415194,785279,16R,,,14:09:37
e2f0aaed-c468-46aa-99d5-8b8b488bf5e5,2025-04-30T18:02:06.000Z,2025-04-30T21:24:28.000Z,520,13:56:12,520,6,2,1,30.836019,-84.017555,3,3415236,785269,16R,,"Cinnamon fern understory hw midstory",14:02:05
c10263db-747f-4852-ab66-7b31f5aceaf0,2025-04-30T17:52:24.000Z,2025-04-30T21:24:26.000Z,534,13:48:38,534,2,0,1,30.837096,-84.017498,6,3415356,785272,16R,,,13:52:22
4e23780f-461b-4141-b9ef-f571149ab5bc,2025-04-30T17:46:28.000Z,2025-04-30T21:24:24.000Z,538,13:42:09,538,14,0,1,30.837073,-84.016368,3,3415356,785380,16R,,"Dead pine close to edge of scan",13:46:26
bcad9655-4e8d-4714-b6e8-e150d1694fb0,2025-04-30T17:39:46.000Z,2025-04-30T21:24:22.000Z,528,13:36:36,528,6,0,0,30.836594,-84.01697,7,3415302,785324,16R,,"Redo of last scan, keep this one. Last scan did not end green.",13:39:43
1272a8f2-80c1-4c65-a14b-14f4d1e31276,2025-04-30T17:36:32.000Z,2025-04-30T21:24:19.000Z,528,13:33:18,528,6,0,0,30.836624,-84.016951,6,3415305,785325,16R,"I am a placeholder answer","Need toRedo of last scan.center of plot",13:34:44
dce318dc-1471-4427-9e41-7ca0e9b7c876,2025-04-30T16:43:14.000Z,2025-04-30T17:02:49.000Z,211,12:40:09,211,32,0,1,30.757474,-83.997327,3,3406564,213072,17R,,,12:43:11
f827f2b1-ac2e-4dbb-add9-2f3232782ce3,2025-04-30T16:34:48.000Z,2025-04-30T17:02:47.000Z,225,12:31:27,225,27,0,1,30.758426,-83.997355,3,3406670,213072,17R,,,12:34:24
99e1d9b6-d516-4703-b448-412d589f811c,2025-04-30T16:28:10.000Z,2025-04-30T17:02:43.000Z,231,12:23:43,231,9,0,1,30.758872,-83.997355,3,3406719,213073,17R,,,12:28:08
838a7fbb-51b6-4ea6-82e9-771085dd21a8,2025-04-30T16:15:55.000Z,2025-04-30T17:02:41.000Z,235,12:13:00,235,16,1,0,30.759404,-83.997804,3,3406780,213032,17R,,,12:15:51
c15afc11-c193-43c0-a0c9-86552e1495e7,2025-04-30T16:06:46.000Z,2025-04-30T17:02:38.000Z,217,12:02:32,217,54,1,0,30.757963,-83.997869,3,3406620,213022,17R,,,12:06:44
6a048821-bad3-424e-b21f-5483ca5c01e5,2025-04-30T15:52:31.000Z,2025-04-30T17:02:35.000Z,199,11:49:10,199,93,3,3,30.756579,-83.998526,3,3406468,212955,17R,,,11:52:28
da5bbb75-a29b-484d-8754-7ff3fbff2cc1,2025-04-30T15:42:39.000Z,2025-04-30T17:02:33.000Z,203,11:39:34,203,21,1,0,30.75701,-83.998466,3,3406516,212962,17R,,,11:42:37
70714761-1b46-48a3-9380-fd259ef75174,2025-04-30T15:33:36.000Z,2025-04-30T17:02:31.000Z,209,11:30:29,209,28,9,0,30.757539,-83.99854,3,3406575,212956,17R,,,11:33:34
3673447e-ba81-4529-a3c5-6c3420ea9396,2025-04-30T15:23:14.000Z,2025-04-30T17:02:29.000Z,223,11:20:16,223,100,0,1,30.75846,-83.998488,3,3406677,212964,17R,,,11:23:12
0a516c48-c8b7-47b1-98d9-cec2a8dd3948,2025-04-30T15:09:59.000Z,2025-04-30T17:02:26.000Z,229,11:07:05,229,4,19,1,30.758978,-83.998401,3,3406734,212974,17R,,,11:09:56
81508d79-b114-42c1-b05d-177c56b39a84,2025-04-30T14:57:30.000Z,2025-04-30T17:02:24.000Z,233,10:53:57,233,3,1,4,30.759413,-83.998975,3,3406784,212920,17R,,,10:57:25
4a450019-9bc7-4df1-b1e9-391ef6ef0aba,2025-04-30T14:43:45.000Z,2025-04-30T17:02:22.000Z,215,10:40:28,215,3,0,1,30.757988,-83.998938,3,3406625,212919,17R,,,10:43:30
1b2e1226-0c62-4bc2-87b9-fd4d60a3bf3e,2025-04-30T14:32:25.000Z,2025-04-30T17:02:19.000Z,197,10:28:50,197,39,0,0,30.756618,-83.999587,3,3406475,212853,17R,,,10:32:22
f3cf0097-c8d7-429e-ba99-5328c3c511b6,2025-04-30T14:20:45.000Z,2025-04-30T17:02:17.000Z,201,10:17:43,201,112,0,2,30.757099,-83.999538,3,3406528,212859,17R,,,10:20:41
8a042f44-ce05-4d05-adc7-039216ac6f02,2025-04-30T14:09:42.000Z,2025-04-30T17:02:15.000Z,207,10:06:41,207,66,0,4,30.757521,-83.999559,3,3406575,212858,17R,,,10:09:37
f8058db9-6f15-4034-9c9d-9f6f1681d561,2025-04-30T13:57:09.000Z,2025-04-30T17:02:12.000Z,221,09:53:56,221,31,0,3,30.758521,-83.999494,4,3406686,212868,17R,,,09:57:01
35f26d20-98f3-4176-9122-d67d94e909e5,2025-04-30T13:47:19.000Z,2025-04-30T17:02:10.000Z,227,09:42:36,227,7,2,0,30.758998,-83.999488,3,3406739,212870,17R,,,09:47:16
b9ebfda7-ee5d-410c-be49-b1e1766e207f,2025-04-30T13:31:50.000Z,2025-04-30T17:02:07.000Z,213,09:28:10,213,79,0,1,30.758022,-84.000048,3,3406632,787177,16R,,,09:31:48
6b8b5ceb-2e8b-4f05-bb32-a958dbb53189,2025-04-30T13:20:58.000Z,2025-04-30T17:02:04.000Z,205,09:17:31,205,21,0,0,30.757565,-84.000635,3,3406580,787122,16R,,,09:20:55
0b831c50-ee3d-40f8-8d80-40fa03d3c053,2025-04-30T13:09:23.000Z,2025-04-30T17:02:01.000Z,219,09:03:47,219,9,0,0,30.758566,-84.000608,3,3406691,787122,16R,,,09:09:09
cf5b64fa-2a17-41d6-aba0-70ab5613ca04,2025-04-26T14:40:49.000Z,2025-04-26T16:59:08.000Z,cf5b64fa-2a17-41d6-aba0-70ab5613ca04,10:36:49,1083,11,0,1,30.661741,-84.237341,7,3395371,764716,16R,,,10:40:47
2f86934e-0080-4638-8516-885aae5ecdfc,2025-04-26T14:34:39.000Z,2025-04-26T16:59:06.000Z,2f86934e-0080-4638-8516-885aae5ecdfc,10:30:57,1069,5,0,0,30.660767,-84.237459,5,3395263,764707,16R,,,10:34:37
ec33dbbc-dedc-4ec5-a896-25d8cf68844e,2025-04-26T14:30:25.000Z,2025-04-26T16:59:04.000Z,ec33dbbc-dedc-4ec5-a896-25d8cf68844e,10:22:50,1067,14,10,0,30.660792,-84.238581,4,3395263,764599,16R,,,10:29:40
73e82cfa-c0bd-4703-8784-a38ada9792aa,2025-04-26T14:18:40.000Z,2025-04-26T16:59:02.000Z,73e82cfa-c0bd-4703-8784-a38ada9792aa,10:14:56,1081,0,1,0,30.661728,-84.238492,3,3395367,764605,16R,,,10:18:38
a2a5e5df-a36b-4e21-98e6-110670534c5e,2025-04-26T14:11:02.000Z,2025-04-26T16:58:59.000Z,a2a5e5df-a36b-4e21-98e6-110670534c5e,10:07:29,1075,6,0,0,30.661242,-84.237947,3,3395314,764659,16R,,,10:11:00
