"","folder_name","Scan_ID","percent_vertical_cover","num_trees","understory_count","midstory_count","overstory_count","understory_percent","midstory_percent","overstory_percent","basal_area_m","max_canopy_height_m"
"1","04_30_2025","04_30_2025_Setup1",0.731495847403486,8,1980997,222057,1572991,0.524622190678342,0.0588067673981639,0.416571041923494,21.4305464474229,27.8
"2","04_30_2025","04_30_2025_Setup10",0.390699052132701,2,1883764,38534,460841,0.790454941990375,0.016169430318584,0.193375627691041,10.1183163240679,27.5
"3","04_30_2025","04_30_2025_Setup11",0.646167637830569,3,1300204,82319,1379638,0.470719845801892,0.0298023902299685,0.499477763968139,13.575293494731,28.265
"4","04_30_2025","04_30_2025_Setup12",0.477887116841986,5,1746975,178641,731093,0.657571077600144,0.0672414630281299,0.275187459371726,10.6070672831349,26.16
"5","04_30_2025","04_30_2025_Setup13",0.433563784449285,4,2034588,71274,743842,0.713964678436778,0.0250110186882567,0.261024302874965,6.85360190386428,23.663
"6","04_30_2025","04_30_2025_Setup14",0.370080281965929,3,1690640,313947,516761,0.670530208444055,0.124515536927072,0.204954254628873,1.44809934007241,16.573
"7","04_30_2025","04_30_2025_Setup15",0.765588288451111,9,665764,382820,1335475,0.279256511688679,0.160574885101417,0.560168603209904,19.5639819441055,27.427
"8","04_30_2025","04_30_2025_Setup16",0.684805140961857,3,991277,429514,1530412,0.335889127247431,0.145538615947463,0.518572256805106,5.51881271576632,24.616
"9","04_30_2025","04_30_2025_Setup17",0.816621983914209,6,1307219,291589,1442634,0.429802376635819,0.0958719581040835,0.474325665260097,19.5505494311462,30.73
"10","04_30_2025","04_30_2025_Setup18",0.627881327892357,4,1310285,65945,772796,0.609711097027211,0.0306859944923886,0.3596029084804,12.1957603640979,26.47
"11","04_30_2025","04_30_2025_Setup19",0.762266355140187,10,1428796,118810,1049481,0.550153306377491,0.0457474085388745,0.404099285083634,17.6131079009571,24.158
"12","04_30_2025","04_30_2025_Setup2",0.447485734664765,4,1965767,254824,709361,0.670921230108889,0.0869720732626336,0.242106696628477,5.94058342007678,27.949
"13","04_30_2025","04_30_2025_Setup20",0.871438296217057,11,1005925,344287,1950662,0.304745046311977,0.104301769773702,0.590953183914321,23.5896343223462,24.494
"14","04_30_2025","04_30_2025_Setup22",0.575499076598364,4,2258727,160496,918828,0.67666042250403,0.0480807513126672,0.275258826183303,21.8973971757677,32.188
"15","04_30_2025","04_30_2025_Setup23",0.530831337059711,3,2670924,235450,920373,0.697962002714055,0.0615274539968281,0.240510543289117,7.54853779610561,28.754
"16","04_30_2025","04_30_2025_Setup24",0.313544099155739,2,1619755,86484,431316,0.757760619025008,0.0404593098189286,0.201780071156064,6.36371885806872,26.049
"17","04_30_2025","04_30_2025_Setup25",0.827084303679553,3,5055625,876798,870821,0.743119752870836,0.128879399298335,0.128000847830829,12.408934659478,24.914
"18","04_30_2025","04_30_2025_Setup26",0.491369287183615,2,2087890,87590,493481,0.78228569094865,0.0328180142010318,0.184896294850318,15.8340699430385,34.599
"19","04_30_2025","04_30_2025_Setup27",0.555667644900954,4,1427849,159187,998086,0.552333313476114,0.0615781382851564,0.386088548238729,21.1944793096307,34.381
"20","04_30_2025","04_30_2025_Setup28",0.411054172767204,3,1772047,44721,457731,0.779093330003662,0.0196619123596009,0.201244757636737,17.3070836238449,32.078
"21","04_30_2025","04_30_2025_Setup29",0.435999293785311,2,1969962,69789,596789,0.747176981953621,0.026469918908873,0.226353099137506,14.1983499028194,32.158
"22","04_30_2025","04_30_2025_Setup3",0.740936555891239,10,1308455,1016869,1729684,0.322676305447486,0.250768679124677,0.426555015427836,8.00969989077545,18.933
"23","04_30_2025","04_30_2025_Setup30",0.853547548291233,2,3258613,843972,1786112,0.553367408783301,0.143320670090514,0.303311921126185,9.18833997864324,28.253
"24","04_30_2025","04_30_2025_Setup31",0.375878968676753,0,3805639,450737,277017,0.839468142294304,0.0994259707905315,0.0611058869151649,0,0
"25","04_30_2025","04_30_2025_Setup32",0.473273645953373,2,1862632,72030,732547,0.698344974090894,0.0270057577040269,0.274649268205079,13.4412262354496,32.87
"26","04_30_2025","04_30_2025_Setup33",0.731965174129353,6,1981215,811223,1871087,0.424832074450121,0.17395060603299,0.401217319516889,14.5415154617454,26.943
"27","04_30_2025","04_30_2025_Setup34",0.684070077735236,3,1927909,450229,911387,0.586075193226986,0.136867480867298,0.277057325905716,14.3528870504091,27.321
"28","04_30_2025","04_30_2025_Setup35",0.382780847145488,3,1986489,218030,367889,0.772229366414659,0.0847571613834197,0.143013472201921,9.70338307459073,31.522
"29","04_30_2025","04_30_2025_Setup36",0.414373897707231,4,2914872,269956,979607,0.699944170097504,0.0648241598199996,0.235231670082496,6.20852771983908,24.69
"30","04_30_2025","04_30_2025_Setup37",0.432030624054126,2,2802684,49744,438847,0.851549627424023,0.0151138996285634,0.133336472947414,11.3199028433566,29.203
"31","04_30_2025","04_30_2025_Setup38",0.328176111749624,2,2136915,55886,908685,0.688997145239411,0.018019104390605,0.292983750369984,9.23156590031492,29.1
"32","04_30_2025","04_30_2025_Setup39",0.683547602501737,4,2519733,77818,911657,0.718034667651504,0.0221753740445137,0.259789958303982,16.2968416794258,29.487
"33","04_30_2025","04_30_2025_Setup4",0.695659955257271,5,2102097,170605,1521396,0.554043938770164,0.044965891761362,0.400990169468474,36.9136014203756,31.524
"34","04_30_2025","04_30_2025_Setup40",0.334414161773727,3,1547486,488400,604723,0.586033752062498,0.184957333705975,0.229008914231528,4.13276210478116,27.373
"35","04_30_2025","04_30_2025_Setup5",0.397052718970527,4,2407743,258355,437991,0.775668158999307,0.083230538815092,0.141101302185601,13.5896784629565,29.057
"36","04_30_2025","04_30_2025_Setup6",0.699166923788954,5,1208571,510528,1681220,0.355428711247386,0.150141207339664,0.49443008141295,11.8296109144375,30.271
"37","04_30_2025","04_30_2025_Setup7",0.814828648800075,2,1662913,1128183,1643998,0.374944251463441,0.25437634467274,0.370679403863819,0.446186023948463,15.887
"38","04_30_2025","04_30_2025_Setup8",0.751223990208078,9,1321928,567575,1655071,0.372944111196437,0.160125024897209,0.466930863906354,14.7405538785298,24.161
"39","04_30_2025","04_30_2025_Setup9",0.646335264816509,3,1622208,125710,1173339,0.555311634683289,0.0430328451074315,0.40165552020928,16.9343920234126,28.677
"40","05_01_2025","05_01_2025_Setup1_scan883_05012025",0.181103082411049,2,759724,68750,201250,0.737793816595515,0.0667654633668828,0.195440720037602,2.67159364851407,22.93
"41","05_01_2025","05_01_2025_Setup2_scan869_05012025",0.260095257817353,1,1441052,31162,253379,0.83510538116462,0.0180587195242447,0.146835899311135,4.99856572726899,27.191
"42","05_01_2025","05_01_2025_Setup3_scan865_05012025",0.0945717505634861,1,2246177,12937,143410,0.934923855079075,0.00538475370069144,0.0596913912202334,5.89154346550874,26.344
"43","05_01_2025","05_01_2025_Setup4_scan871_05012025",0.732842649691665,6,1370572,464432,1692527,0.388535777573606,0.131659225673708,0.479804996752686,9.63919739033623,23.907
"44","05_01_2025","05_01_2025_Setup5_scan879_05012025",0.428059968673081,2,966918,95235,880577,0.497710953143257,0.0490212227123687,0.453267824144374,8.48610619558407,25.081
"45","05_02_2025","05_02_2025_Setup1",0.0557463931691039,0,2911844,6401,0,0.997806558393829,0.00219344160617083,0,0,0
"46","05_02_2025","05_02_2025_Setup11",0.465726559581621,2,1987605,75159,1061821,0.636118076480557,0.0240540743810778,0.339827849138366,10.352677745939,33.044
"47","05_02_2025","05_02_2025_Setup12",0.357980255039079,1,2873347,243110,1218112,0.662891050990306,0.0560863144640217,0.281022634545672,4.05264221954995,18.336
"48","05_02_2025","05_02_2025_Setup2",0.000358615743231128,0,3248453,0,1,0.999999692161256,0,3.0783874421494e-07,0,0
"49","05_02_2025","05_02_2025_Setup3",0.000728597449908925,0,2607026,17,0,0.999993479202299,6.52079770069002e-06,0,0,0
"50","05_02_2025","05_02_2025_Setup4",0.542728792310907,2,3152956,57837,414197,0.869783364919627,0.0159550784967683,0.114261556583604,13.7637391556685,34.614
"51","05_02_2025","05_02_2025_Setup5",0.116524359618282,0,2336896,25216,5283,0.987117063269966,0.0106513699657218,0.00223156676431267,0,0
"52","05_02_2025","05_02_2025_Setup6",0.438633377135348,0,2856229,225171,873560,0.722189099257641,0.0569338248680138,0.220877075874345,0,-Inf
"53","05_02_2025","05_02_2025_Setup7",0.0263700041203131,0,3437423,1531,8017,0.99723003181634,0.000444158073856728,0.00232581010980365,0,0
"54","05_02_2025","05_02_2025_Setup8",0.133789162159404,1,3277966,202857,420488,0.840221658821868,0.0519971363472433,0.107781204830889,2.42947989174051,8.053
"55","05_02_2025","05_02_2025_Setup9",0.0712703101920236,1,3111657,29171,17250,0.985300869706195,0.00923694728249271,0.00546218301131258,3.25832319175687,15.205
"56","05_03_2025","05_03_2025_Setup1",0.66110705722923,2,2115156,185935,1313596,0.585156059155329,0.0514387552781195,0.363405185566551,6.72029207105777,21.631
"57","05_03_2025","05_03_2025_Setup10",0.54640297559648,4,2318258,97308,790284,0.723133646302853,0.0303532604457476,0.2465130932514,22.03731402934,31.389
"58","05_03_2025","05_03_2025_Setup11",0.355454003576396,0,2605524,685690,438472,0.698590712462121,0.183846575824346,0.117562711713533,0,0
"59","05_03_2025","05_03_2025_Setup12",0.412157992182678,0,2959125,635418,366446,0.747067209729691,0.160419026662281,0.0925137636080282,0,-Inf
"60","05_03_2025","05_03_2025_Setup13",0.599561737804878,0,2726167,1038373,715405,0.608526890397092,0.231782533044491,0.159690576558418,0,0
"61","05_03_2025","05_03_2025_Setup14",0.551720347367264,1,2844307,719843,866868,0.641908247720953,0.162455444775896,0.195636307503152,5.06281293843176,23.565
"62","05_03_2025","05_03_2025_Setup15",0.324557877813505,1,3746213,58260,384862,0.894226171934209,0.0139067417621174,0.0918670863036735,6.21331858820974,30.925
"63","05_03_2025","05_03_2025_Setup16",0.514156508061345,1,3492641,630700,592718,0.740584670378382,0.133734544033482,0.125680785588136,4.04933989616632,17.947
"64","05_03_2025","05_03_2025_Setup17",0.514310919427563,2,3499064,639077,597324,0.738906105313839,0.134955490115543,0.126138404570618,6.34377517510585,17.701
"65","05_03_2025","05_03_2025_Setup18",0.446234716032453,0,1601947,2349755,364741,0.371126642932618,0.544372994152824,0.0845003629145572,0,-Inf
"66","05_03_2025","05_03_2025_Setup19",0.523425178587995,2,3285488,153488,534371,0.826881719618246,0.0386293973317709,0.134488883049983,1.05607609298847,17.93
"67","05_03_2025","05_03_2025_Setup2",0.0495286150577613,0,4399162,11816,3295,0.996576786256763,0.00267677146384014,0.000746442279396857,0,0
"68","05_03_2025","05_03_2025_Setup20",0.537700084245998,2,2771534,83116,982758,0.722241158615399,0.0216594117696112,0.25609942961499,12.8336511215086,32.097
"69","05_03_2025","05_03_2025_Setup21",0.157835051546392,0,3495346,306189,56526,0.905985156792492,0.0793634418947756,0.014651401312732,0,-Inf
"70","05_03_2025","05_03_2025_Setup22",0.723248286367098,1,2712538,1042453,1439622,0.522182884461268,0.200679627144505,0.277137488394227,7.91154008498854,28.556
"71","05_03_2025","05_03_2025_Setup23",0.321917808219178,1,2724564,122361,671380,0.774396762077193,0.0347783947099527,0.190824843212854,4.72058080635514,28.268
"72","05_03_2025","05_03_2025_Setup24",0.522254651587012,3,1807387,246864,770187,0.639910311361057,0.0874028744833485,0.272686814155595,9.23619620546459,30.237
"73","05_03_2025","05_03_2025_Setup3",0.515200160529748,2,2752462,144502,1016103,0.703402727323606,0.0369280669101756,0.259669205766219,9.62698510198281,30.788
"74","05_03_2025","05_03_2025_Setup4",0.258971428571429,1,2298786,913736,62501,0.701914459837381,0.279001399379485,0.0190841407831334,3.31908371627307,6.495
"75","05_03_2025","05_03_2025_Setup5",0.222304065998821,0,4311276,175086,49268,0.950535206795969,0.0386023551303788,0.0108624380736524,0,0
"76","05_03_2025","05_03_2025_Setup6",0.444946544693045,2,1930384,512516,503070,0.655262612993343,0.173971900596408,0.170765486410249,7.35516838811358,26.506
"77","05_03_2025","05_03_2025_Setup7",0.0408093278463649,0,3527521,272,3403,0.998959276120612,7.70277265832879e-05,0.000963696152804885,0,0
"78","05_03_2025","05_03_2025_Setup8",0.0276805251641138,0,1896815,323,7720,0.995777638018162,0.000169566445372831,0.00405279553646519,0,0
"79","05_03_2025","05_03_2025_Setup9",0.511852318019719,3,2838739,87624,756477,0.770801609627353,0.0237925079558167,0.20540588241683,10.5686362190798,27.722
"80","05_05_2025","05_05_2025_Setup1",0.246748681898067,0,3444577,526779,207420,0.824302858061786,0.126060597648689,0.049636544289524,0,0
"81","05_05_2025","05_05_2025_Setup10",0.942309456112996,2,3501242,3272755,1613633,0.417429238056519,0.390188289182999,0.192382472760482,3.50656672695302,18.093
"82","05_05_2025","05_05_2025_Setup11",0.577396254131473,3,3514550,678140,1069171,0.667929084405688,0.128878356915928,0.203192558678384,6.86932370877802,21.228
"83","05_05_2025","05_05_2025_Setup12",0.572413141993958,2,3500107,615922,817547,0.709446251562761,0.124842913132381,0.165710835304858,3.27243787477702,17.204
"84","05_05_2025","05_05_2025_Setup13",0.310148232611174,1,3571392,140367,552561,0.837505628095452,0.0329166197658712,0.129577752138676,7.31274922662746,20.396
"85","05_05_2025","05_05_2025_Setup14",0.438534626310119,1,3525793,468420,777347,0.738918299256428,0.0981691522269447,0.162912548516628,2.49295800100826,15.595
"86","05_05_2025","05_05_2025_Setup15",0.62209582570134,2,3778490,858366,970533,0.673841247682299,0.153077662348733,0.173081089968968,7.82686932362066,20.486
"87","05_05_2025","05_05_2025_Setup16",0.507922952841826,0,3525172,2338207,721735,0.535324369479405,0.355074642595405,0.10960098792519,0,0
"88","05_05_2025","05_05_2025_Setup17",0.78453682135818,0,3385760,1598489,1253725,0.542765968566076,0.256251308517798,0.200982722916126,0,0
"89","05_05_2025","05_05_2025_Setup18",0.597043252422335,1,2854913,1045306,979557,0.585050010492285,0.214211881856872,0.200738107650843,1.24958912390542,15.246
"90","05_05_2025","05_05_2025_Setup2",0.540926748057714,5,2317207,1056762,1360212,0.489463119386437,0.22321960229235,0.287317278321213,5.22829093807211,16.612
"91","05_05_2025","05_05_2025_Setup20",0.354454454454454,3,2683213,151347,832096,0.731787492472705,0.0412765746227625,0.226935932904532,13.9535009990895,30.389
"92","05_05_2025","05_05_2025_Setup21",0.201441690530266,0,3779677,180350,77319,0.936178618329962,0.0446704344883991,0.0191509471816386,0,0
"93","05_05_2025","05_05_2025_Setup22",0.708185436162203,4,3777382,599840,1477041,0.645236129637497,0.102462086175493,0.25230178418701,30.4609164226837,37.309
"94","05_05_2025","05_05_2025_Setup3",0.461639809465896,5,2202622,363011,958583,0.624996311236315,0.103004753397635,0.27199893536605,8.57542027672014,21.317
"95","05_05_2025","05_05_2025_Setup4",0.116819441483692,1,3182893,45312,73635,0.963975540910523,0.013723257335304,0.0223012017541734,0.657361425386366,12.924
"96","05_05_2025","05_05_2025_Setup5",0.802783996885038,0,3585267,2500582,931810,0.510892165036802,0.356327088563294,0.132780746399903,0,0
"97","05_05_2025","05_05_2025_Setup6",0.51644370122631,3,3925358,330886,466591,0.831144429140548,0.0700608850404471,0.0987946858190049,10.4097420218727,28.085
"98","05_05_2025","05_05_2025_Setup7",0.628255646323883,1,3863466,2624261,727000,0.535497185132577,0.363736701333259,0.100766113534164,2.32971859489389,15.221
"99","05_05_2025","05_05_2025_Setup8",0.464583524237148,4,3461410,184909,734593,0.790111739290814,0.0422078781769641,0.167680382532222,13.7722004982635,24.915
"100","05_05_2025","05_05_2025_Setup9",0.466027322898761,0,3301771,1828020,528217,0.583557145907181,0.323085439257067,0.0933574148357514,0,0
"101","05_06_2025","05_06_2025_Setup1",0.0823199251637044,1,3342558,112593,0,0.967413001631477,0.0325869983685228,0,2.66450729541864,6.497
"102","05_06_2025","05_06_2025_Setup10",0.00096601387547203,0,2587789,4,1,0.999998067852387,1.54571809038896e-06,3.86429522597239e-07,0,0
"103","05_06_2025","05_06_2025_Setup11",0.736490664028688,2,2354957,502601,1356514,0.558831695329363,0.119267302504561,0.321901002166076,10.4988484048216,25.034
"104","05_06_2025","05_06_2025_Setup12",0.115020576131687,1,1797925,146817,45938,0.903171278156208,0.0737521851829526,0.0230765366608395,6.39744238150226,23.824
"105","05_06_2025","05_06_2025_Setup13",0.357706246002984,2,2864961,1187633,331232,0.653529816192522,0.27091244041164,0.0755577433958373,1.7453663386175,11.418
"106","05_06_2025","05_06_2025_Setup14",0.559717806041335,1,3172165,35540,685819,0.814728508158676,0.00912797763671163,0.176143514204613,3.9836669329496,23.118
"107","05_06_2025","05_06_2025_Setup15",0.320472294533284,1,3453153,72873,385983,0.882705791321032,0.0186280246287777,0.0986661840501901,2.3898265834019,19.018
"108","05_06_2025","05_06_2025_Setup16",0.584703784426392,3,3097706,253174,1000073,0.711960345239307,0.0581881716488319,0.229851483111861,13.5338315835752,30.184
"109","05_06_2025","05_06_2025_Setup17",0.534625499172105,3,2914132,234278,929780,0.714565039882889,0.0574465633038186,0.227988396813292,13.5538777942203,28.402
"110","05_06_2025","05_06_2025_Setup18",0.286396434634975,1,3257655,368090,194044,0.85283637394631,0.0963639614648872,0.0507996645888032,1.10909385409721,13.595
"111","05_06_2025","05_06_2025_Setup19",0.354253835425384,1,140750,124002,207620,0.297964316259219,0.262509208843877,0.439526474896903,2.72051036562952,19.324
"112","05_06_2025","05_06_2025_Setup2",0.0823199251637044,1,3339456,111810,0,0.967603192567597,0.0323968074324031,0,2.16935928884412,6.497
"113","05_06_2025","05_06_2025_Setup20",0.696651833015469,2,1323523,249284,1604833,0.416511310280586,0.0784494152893342,0.50503927443008,21.7160197649309,30.996
"114","05_06_2025","05_06_2025_Setup21",0.5920808414106,1,2234093,392109,1645150,0.523041182276712,0.0917997392862962,0.385159078436991,5.91361436812858,21.682
"115","05_06_2025","05_06_2025_Setup3",0.327865426810156,1,3866479,29469,514816,0.87660074309122,0.00668115546422343,0.116718101444557,8.08862395383198,26.166
"116","05_06_2025","05_06_2025_Setup4",0.746634146341463,2,2225814,332940,1383795,0.564562165238783,0.0844479041351166,0.3509899306261,9.99603028699219,30.093
"117","05_06_2025","05_06_2025_Setup5",0.864952614952615,3,1666122,1376150,1976368,0.331986753383387,0.274207753494971,0.393805493121643,9.14261979532766,28.464
"118","05_06_2025","05_06_2025_Setup6",0.30275553462082,1,1842954,195629,305382,0.786254914215869,0.0834607172035419,0.130284368580589,1.28119103348546,26.008
"119","05_06_2025","05_06_2025_Setup7",0.463414634146341,1,3845208,148973,973692,0.774014955696331,0.029987280270651,0.195997764033018,4.94089562983444,24.514
"120","05_06_2025","05_06_2025_Setup8",0.677806068321663,2,1289678,497150,1935574,0.346463923026046,0.133556236000303,0.519979840973651,16.8794478721384,28.89
"121","05_06_2025","05_06_2025_Setup9",0.288320355951057,1,3304506,119651,131816,0.929283208843262,0.0336478932770299,0.0370688978797083,1.80108545975364,8.312
"122","05_08_2025","05_08_2025_Setup1_scan471_05082025",0.629069659586309,2,1590547,138151,1030142,0.576527453567441,0.0500757564773601,0.373396789955199,9.10656320824839,26.65
"123","05_08_2025","05_08_2025_Setup10_scan489_05082025",0.380705758426966,3,1148060,141907,929527,0.517262042609712,0.0639366450190899,0.418801312371198,15.6867420586574,29.336
"124","05_08_2025","05_08_2025_Setup11_scan488_05082025",0.653072176012879,3,1125219,129931,1478351,0.411640237190328,0.047532815974825,0.540826946834847,15.0950094882774,26.508
"125","05_08_2025","05_08_2025_Setup12_scan487_05082025",0.315920177383592,0,1779772,518311,279077,0.690594297598907,0.201117121172143,0.10828858122895,0,-Inf
"126","05_08_2025","05_08_2025_Setup13_scan485_05082025",0.627823498511644,2,676479,433467,1794237,0.232932635443428,0.149256090267039,0.617811274289533,12.0058338022015,25.229
"127","05_08_2025","05_08_2025_Setup14_scan493_05082025",0.118037859483072,0,1075526,11988,53206,0.942848376463988,0.010509152114454,0.0466424714215583,0,0
"128","05_08_2025","05_08_2025_Setup16_scan495_05082025",0.457505470459519,4,1168400,82372,769670,0.578289305013457,0.0407692970152076,0.380941397971335,13.0172424981841,25.434
"129","05_08_2025","05_08_2025_Setup17_scan497_05082025",0.470055248618785,3,343703,53770,482413,0.390622194238799,0.0611101892745197,0.548267616486681,11.9550624140174,24.12
"130","05_08_2025","05_08_2025_Setup18_scan504_05082025",0.602847234896879,5,1183423,116222,979731,0.519187268796372,0.0509885161552986,0.429824215048329,20.0325882334079,26.394
"131","05_08_2025","05_08_2025_Setup2_scan476_05082025",0.563424193835738,4,1727407,173282,1069432,0.581594823914581,0.0583417308587765,0.360063445226642,15.0122967143792,31.25
"132","05_08_2025","05_08_2025_Setup20_scan502_05082025",0.633689143452226,6,1081764,139146,1196763,0.447440162503366,0.0575536890224609,0.495006148474173,17.919508536323,29.105
"133","05_08_2025","05_08_2025_Setup21_scan500_05082025",0.308607695358985,2,494122,143026,612850,0.395298232477172,0.114420983073573,0.490280784449255,2.6897567735958,20.978
"134","05_08_2025","05_08_2025_Setup22_scan506_05082025",0.565716367610894,2,1034348,1058136,801269,0.357441702868213,0.365662169507902,0.276896127623885,7.12265465644821,30.32
"135","05_08_2025","05_08_2025_Setup23_scan508_05082025",0.334108804581246,3,1524567,113131,583295,0.686434851438073,0.0509371258711756,0.262628022690751,7.52329190442127,25.188
"136","05_08_2025","05_08_2025_Setup3_scan474_05082025",0.309971453883256,1,790189,337783,1280409,0.328099665293822,0.140253141010496,0.531647193695682,4.93216594350088,17.843
"137","05_08_2025","05_08_2025_Setup4_scan479_05082025",0.695952078417136,2,1127848,1190687,1676861,0.282286912235984,0.298014764994509,0.419698322769508,9.22744976605827,32.876
"138","05_08_2025","05_08_2025_Setup6_scan481_05082025",0.629413326254314,4,1615301,200039,1186165,0.538163687883245,0.0666462324733759,0.395190079643379,18.6849284031925,30.033
"139","05_08_2025","05_08_2025_Setup8_scan483_05082025",0.55524694036976,6,2260314,161725,1072555,0.646803033485435,0.0462786234967495,0.306918343017816,22.9565155430262,33.654
"140","05_08_2025","05_08_2025_Setup9_scan491_05082025",0.389842893679211,3,1433896,88395,680361,0.650986174847411,0.040131169154274,0.308882655998315,17.0276490806979,27.404
"141","05_10_2025","05_10_2025_Setup1",0.330120268836222,0,1795337,298129,368794,0.729141926522788,0.121079414846523,0.149778658630689,0,0
"142","05_10_2025","05_10_2025_Setup10",0.411916859122402,3,2803548,130272,634029,0.785781012593302,0.0365127560050888,0.177706231401609,16.2386786404267,33.584
"143","05_10_2025","05_10_2025_Setup2",0.705646290247317,4,2331248,192108,1636548,0.560409086363531,0.0461808734047709,0.393410040231698,17.2805991691368,29.79
"144","05_10_2025","05_10_2025_Setup3",0.845960906417575,5,2274769,164306,1320757,0.60501878807351,0.0437003568244539,0.351280855102036,22.7184755786267,30.81
"145","05_10_2025","05_10_2025_Setup4",0.799616156329059,7,1323568,176962,1480904,0.443936709650457,0.0593546595363171,0.496708630813226,23.1562892222871,29.953
"146","05_10_2025","05_10_2025_Setup5",0.332500669105183,3,778470,107977,451891,0.581669204640382,0.080679917928057,0.337650877431561,8.72705180051201,31.185
"147","05_10_2025","05_10_2025_Setup6",0.310717982497412,2,2262190,115539,477628,0.792261703177571,0.0404639419869389,0.16727435483549,8.10651906328502,33.338
"148","05_10_2025","05_10_2025_Setup7",0.772571126574474,9,2608542,317650,940072,0.6746931921876,0.082159417980769,0.243147389831631,30.3553232247726,32.706
"149","05_10_2025","05_10_2025_Setup8",0.22564621469966,1,1295407,67757,344145,0.758741973479903,0.0396864305172643,0.201571596002833,5.29039483332334,27.299
"150","05_10_2025","05_10_2025_Setup9",0.755878467635403,5,3929745,360600,1003843,0.742275302652645,0.0681124281948431,0.189612269152512,16.8783471825227,34.831
"151","05_14_2025","05_14_2025_Setup1",0.850993377483444,3,1499663,522283,1888122,0.383538854055735,0.133573891809554,0.482887254134711,7.79493978448552,25.063
"152","05_14_2025","05_14_2025_Setup10",0.332174624271547,4,964319,59650,461364,0.649227479629147,0.0401593447395298,0.310613175631323,12.7342226972176,26.087
"153","05_14_2025","05_14_2025_Setup11",0.482097457627119,2,394654,43405,625321,0.371131674471967,0.0408179578325716,0.588050367695462,5.99968832511048,25.888
"154","05_14_2025","05_14_2025_Setup12",0.706098165592464,1,822654,840227,1292402,0.278367249430934,0.284313549666817,0.437319200902249,3.14716241382672,17.689
"155","05_14_2025","05_14_2025_Setup13",0.534245122985581,5,699297,105264,748650,0.450226659481551,0.0677718610027871,0.482001479515661,11.6248945618636,26.699
"156","05_14_2025","05_14_2025_Setup14",0.574981400786481,5,262240,320167,651849,0.21246807793521,0.25940080501938,0.52813111704541,11.2316005126065,27.604
"157","05_14_2025","05_14_2025_Setup2",0.764326772339314,7,1036793,631763,1317380,0.347225459621372,0.211579551604589,0.441194988774039,17.2023341145823,28.935
"158","05_14_2025","05_14_2025_Setup3",0.359304312858148,2,550775,343147,443196,0.411912037681042,0.256631800633901,0.331456161685057,4.8820449536254,27.583
"159","05_14_2025","05_14_2025_Setup4",0.558366384392754,4,506806,475173,838031,0.278463305146675,0.261082631414113,0.460454063439212,4.06819393781732,23.819
"160","05_14_2025","05_14_2025_Setup5",0.514591439688716,3,568024,330386,934480,0.3099062136844,0.180254134181538,0.509839652134061,7.11023266249413,24.721
"161","05_14_2025","05_14_2025_Setup6",0.65058044708817,4,623911,164083,983674,0.352160224150349,0.0926149820395243,0.555224793810127,9.12068578416698,26.975
"162","05_14_2025","05_14_2025_Setup7",0.724878048780488,6,311609,413050,1187586,0.162954537729214,0.216002656563359,0.621042805707428,11.4425594626649,26.022
"163","05_14_2025","05_14_2025_Setup8",0.946599844465566,9,948801,1162259,2405932,0.210051512156763,0.257308182082235,0.532640305761002,10.2873428578961,26.981
"164","05_14_2025","05_14_2025_Setup9",0.569915480902964,5,672485,185884,1023447,0.357359593073924,0.0987790517245044,0.543861355201571,10.3947537699896,27.353
"165","05_15_2025","05_15_2025_Setup1",0.265469061876248,1,1264300,85780,908592,0.559753695977105,0.0379780685287638,0.402268235494131,3.85876871678903,21.883
"166","05_15_2025","05_15_2025_Setup10",0.338934815015585,1,574514,138184,1017863,0.331981363268905,0.0798492511965773,0.588169385534517,3.22853648574009,20.667
"167","05_15_2025","05_15_2025_Setup11",0.42736009044658,3,487130,115607,515589,0.435588549313885,0.103375044486134,0.461036406199981,10.3135004804754,23.805
"168","05_15_2025","05_15_2025_Setup2",0.380052770448549,2,761507,371357,595002,0.440721097585114,0.214922337727578,0.344356564687308,8.44096328840601,22.352
"169","05_15_2025","05_15_2025_Setup3",0.380486035545883,3,369407,102707,744658,0.303595907861128,0.0844094045556604,0.611994687583212,5.39577947030252,22.727
"170","05_15_2025","05_15_2025_Setup4",0.250452510241021,0,734098,192992,235332,0.631524523796005,0.166025763449074,0.20244971275492,0,0
"171","05_15_2025","05_15_2025_Setup5",0.519261799112545,3,393944,109809,929795,0.274803494546398,0.0765994581276665,0.648597047325935,10.4647591695859,22.727
"172","05_15_2025","05_15_2025_Setup6",0.912831369661267,1,1726857,2271703,1744984,0.300660532939244,0.395522868807134,0.303816598253622,1.65898085156916,15.729
"173","05_15_2025","05_15_2025_Setup7",0.526311022552305,0,1273248,2486129,294235,0.31410208969186,0.613312028876962,0.0725858814311779,0,0
"174","05_15_2025","05_15_2025_Setup8",0.317177066543864,1,458836,278274,1102554,0.24941293627532,0.151263491594117,0.599323572130563,2.57643230485099,25.547
"175","05_15_2025","05_15_2025_Setup9",0.318649772322312,3,813650,96905,542819,0.559835252316334,0.0666758865921642,0.373488861091502,7.64361016001155,22.775
"176","05_16_2025","05_16_2025_Setup1",0.864999562822419,9,1664230,281397,1161708,0.535581133028785,0.090558951641841,0.373859915329374,38.5829619422583,33.391
"177","05_16_2025","05_16_2025_Setup10",0.549824561403509,3,1071949,67034,791772,0.555196801251324,0.0347190606783357,0.41008413807034,10.603174711084,28.699
"178","05_16_2025","05_16_2025_Setup11",0.568086809570399,5,1427434,203514,1135997,0.515888100413994,0.0735518776123125,0.410560021973693,14.3506886295682,26.785
"179","05_16_2025","05_16_2025_Setup2",0.619776392961877,6,2049163,207845,1075801,0.614845615215273,0.0623633097486235,0.322791075036103,21.538395740621,32.224
"180","05_16_2025","05_16_2025_Setup3",0.790643898968339,6,1881289,298847,1139011,0.566798939607074,0.0900372897012395,0.343163770691687,25.5665555690339,32.597
"181","05_16_2025","05_16_2025_Setup4",0.265252487328703,1,1498414,110172,625309,0.670762949914835,0.0493183430734211,0.279918707011744,3.27632659233017,21.533
"182","05_16_2025","05_16_2025_Setup5",0.705568490492821,2,1927441,292391,1621109,0.501814789657014,0.0761248350339149,0.422060375309071,12.0308036287528,29.89
"183","05_16_2025","05_16_2025_Setup6",0.601878676147836,6,1917518,214534,1320761,0.555349507778151,0.0621331071216426,0.382517385100207,22.0077259380248,31.496
"184","05_16_2025","05_16_2025_Setup7",0.572714870395634,6,1907482,84275,777002,0.688930311377769,0.0304378243104582,0.280631864311773,10.3114046990191,25.237
"185","05_16_2025","05_16_2025_Setup8",0.886381458569312,9,1273041,275330,1518473,0.415098061720779,0.0897763303252464,0.495125607953975,35.8146302151299,30.183
"186","05_16_2025","05_16_2025_Setup9",0.533552504351189,4,1173075,141614,1529515,0.412444044098103,0.0497903807181201,0.537765575183777,16.4107382918711,27.576
"187","05_17_2025","05_17_2025_Setup1",0,0,770396,0,0,1,0,0,0,0
"188","05_17_2025","05_17_2025_Setup10",0.26103500761035,0,2921906,6213,241909,0.921728767064518,0.0019599195969247,0.0763113133385573,0,-Inf
"189","05_17_2025","05_17_2025_Setup11",0.31701861130995,1,2149419,64675,619704,0.758494077559515,0.0228227276608989,0.218683194779586,7.53779972050506,34.949
"190","05_17_2025","05_17_2025_Setup12",0.867785939139559,3,1488528,131676,1964027,0.415299125530693,0.0367375875048232,0.547963286964484,25.0206005746264,32.611
"191","05_17_2025","05_17_2025_Setup2",0.519434289012892,3,1240889,106551,818646,0.572871529569925,0.0491905676875249,0.37793790274255,18.789926486195,30.525
"192","05_17_2025","05_17_2025_Setup3",0.0776660360450065,0,2437529,6770,1,0.997229881765741,0.00276970911917522,4.0911508407315e-07,0,0
"193","05_17_2025","05_17_2025_Setup4",0.638423118087763,4,847281,1431537,1315143,0.235751306149399,0.398317344011246,0.365931349839356,4.42526406263632,16.222
"194","05_17_2025","05_17_2025_Setup5",0.0145644930985245,0,1718811,3576,2418,0.996524824545383,0.0020732778488003,0.00140189760581631,0,0
"195","05_17_2025","05_17_2025_Setup6",0.300822778959046,2,1923445,57174,395524,0.809482005081344,0.0240616831562747,0.166456311762381,11.1383347546183,34.587
"196","05_17_2025","05_17_2025_Setup7",0.407851690294438,2,2263463,94824,547923,0.778836697967456,0.0326280619776272,0.188535240054917,11.4790331471701,33.002
"197","05_17_2025","05_17_2025_Setup8",0.052562284788333,1,2368753,13599,19780,0.986104427233807,0.00566122094872388,0.00823435181746882,4.66806224085619,22.827
"198","05_17_2025","05_17_2025_Setup9",0.566763689285065,5,2549810,240244,1201421,0.638813972278418,0.0601892783995891,0.300996749321992,14.8439112230974,33.381
"199","05_18_2025","05_18_2025_Setup1",0.131976362442548,0,2444089,181797,19761,0.923815233097991,0.0687155164691284,0.00746925043288088,0,0
"200","05_18_2025","05_18_2025_Setup2",0.296889998080246,1,2486273,93504,642906,0.771491642212405,0.0290143337089003,0.199494024078695,5.54538028114153,20.522
"201","05_18_2025","05_18_2025_Setup3",0.392116736364445,1,1709218,139816,388913,0.763743734771199,0.0624751167029425,0.173781148525859,0.653050169325573,14.698
"202","05_18_2025","05_18_2025_Setup4",0.647041093137747,3,1383281,89138,1180403,0.521437548391863,0.0336011990250382,0.444961252583098,20.7863886000571,33.177
"203","05_18_2025","05_18_2025_Setup5",0.205631568510807,1,2164083,77414,286092,0.856184688254301,0.0306276059913222,0.113187705754377,2.53946096249279,24.906
"204","05_18_2025","05_18_2025_Setup6",0.0811643471794327,0,3103034,9473,12603,0.992935928655311,0.00303125329988384,0.00403281804480482,0,0
"205","05_18_2025","05_18_2025_Setup7",0.915681003584229,7,1270942,815254,1912993,0.317799933936606,0.2038548315671,0.478345234496294,29.948112259079,32.584
"206","05_18_2025","05_18_2025_Setup8",0.189283689283689,1,3140325,32681,129209,0.950975330195036,0.00989669055467315,0.0391279792502911,8.62974184415499,27.286
"207","05_19_2025","05_19_2025_Setup1",0.15625,2,3862222,225644,126238,0.916498975820246,0.0535449528535603,0.0299560713261941,3.223324093822,12.895
"208","05_19_2025","05_19_2025_Setup10",0.363291139240506,3,561966,96399,388061,0.537033674621999,0.0921221376380174,0.370844187739984,7.26079252291376,24.692
"209","05_19_2025","05_19_2025_Setup11",0.529925187032419,2,1010882,191398,1227068,0.416112471329756,0.0787857482748458,0.505101780395398,5.97256238952225,23.698
"210","05_19_2025","05_19_2025_Setup12",0.183338003175493,0,2219015,205436,103322,0.877853747152137,0.0812715382275228,0.0408747146203397,0,0
"211","05_19_2025","05_19_2025_Setup13",0.604457364341085,10,612182,386615,1012067,0.304437296604842,0.192263126695788,0.503299576699369,8.76747798805471,21.12
"212","05_19_2025","05_19_2025_Setup14",0.623473734027449,2,2594452,770740,1162899,0.572968166938341,0.170213010295067,0.256818822766592,3.49861454939414,16.487
"213","05_19_2025","05_19_2025_Setup15",0.403714436248683,3,4014760,59503,317045,0.914251516860125,0.0135501768493579,0.0721983062905175,5.30011511554641,23.685
"214","05_19_2025","05_19_2025_Setup16",0.684978620561443,4,3519288,445277,800913,0.738496327126051,0.0934380559515751,0.168065616922374,8.91938055668574,23.613
"215","05_19_2025","05_19_2025_Setup17",0.474026604524711,2,3253332,249464,688436,0.776223315721964,0.0595204464940142,0.164256237784022,5.62707851638465,23.997
"216","05_19_2025","05_19_2025_Setup18",0.0260879218472469,0,3306215,11436,1536,0.996091814049645,0.00344542202653843,0.000462763923816284,0,0
"217","05_19_2025","05_19_2025_Setup19",0.0156597185483018,0,2525910,2,3,0.999998020519297,7.91792281212947e-07,1.18768842181942e-06,0,0
"218","05_19_2025","05_19_2025_Setup2",0.388162422573985,2,926170,59785,513341,0.617736591040062,0.0398753815123898,0.342388027447549,8.27861586248998,26.077
"219","05_19_2025","05_19_2025_Setup3",0.292067858780376,1,1529243,457907,255695,0.68183178061792,0.204163462031482,0.114004757350597,6.07807047692354,23.781
"220","05_19_2025","05_19_2025_Setup4",0.98956612468481,1,957658,1855564,2262731,0.188665655493658,0.36555972838992,0.445774616116422,0.48791025732569,14.109
"221","05_19_2025","05_19_2025_Setup5",0.258230641898106,1,1535161,26514,354901,0.800991455595813,0.0138340457148582,0.185174498689329,4.08518426369279,23.337
"222","05_19_2025","05_19_2025_Setup6",0.311047345767575,1,1105216,712652,806917,0.42106915423549,0.271508714047055,0.307422131717455,1.08012600740497,17.442
"223","05_19_2025","05_19_2025_Setup7",0.366708385481852,2,1012171,51523,492507,0.650411482835443,0.033108191037019,0.316480326127538,13.1875482634531,24.873
"224","05_19_2025","05_19_2025_Setup8",0.415325437797348,3,718835,258393,574755,0.463171954847444,0.16649215874143,0.370335886411127,7.05163107024188,22.65
"225","05_19_2025","05_19_2025_Setup9",0.0265692075646827,0,1047058,9546,584,0.990417976745858,0.00902961441106028,0.000552408843081836,0,0
"226","05_21_2025","05_21_2025_Setup1",0.810694769711163,6,1505672,255046,1688385,0.436540167110115,0.073945602668288,0.489514230221597,12.2859733736342,25.14
"227","05_21_2025","05_21_2025_Setup10",0.843705327361098,12,1187840,443685,1688696,0.357759317828542,0.13363116491342,0.508609517258038,17.8313618411136,26.585
"228","05_21_2025","05_21_2025_Setup11",0.667299051422866,5,1529997,253019,1123913,0.526327612404706,0.0870399655443941,0.3866324220509,13.4726870004488,27.972
"229","05_21_2025","05_21_2025_Setup12",0.382155188079229,6,2224773,116012,747455,0.720401587959485,0.0375657332331684,0.242032678807347,11.2784467041292,24.331
"230","05_21_2025","05_21_2025_Setup13",0.572204571077175,8,1399874,152641,1167879,0.514585019669945,0.0561098870237179,0.429305093306337,16.99581250684,27.019
"231","05_21_2025","05_21_2025_Setup14",0.687134502923977,6,1092017,142937,1091466,0.46939804506495,0.0614407544639403,0.46916120047111,12.0579706872783,24.771
"232","05_21_2025","05_21_2025_Setup15",0.602527517325724,6,1216212,222328,1433787,0.423423934670391,0.0774034432709089,0.4991726220587,12.4991337394875,21.568
"233","05_21_2025","05_21_2025_Setup16",0.820531757754801,8,1025051,297203,1819055,0.326313329888909,0.0946111955239042,0.579075474587186,15.1881702231955,25.796
"234","05_21_2025","05_21_2025_Setup17",0.817760903787388,8,1801357,257436,1495035,0.506877935566944,0.0724390713337843,0.420682993099272,18.5194990494273,27.954
"235","05_21_2025","05_21_2025_Setup18",0.619436542167569,10,1258889,190340,1204446,0.47439456602636,0.071726944708753,0.453878489264887,17.4634589446828,25.865
"236","05_21_2025","05_21_2025_Setup19",0.614893829129698,3,1024550,138381,1465757,0.389757171638475,0.0526426110668136,0.557600217294711,12.9640701769571,25.833
"237","05_21_2025","05_21_2025_Setup2",0.591575269339027,6,996689,226052,1045403,0.439429330765595,0.0996638661390106,0.460906803095394,9.44589591154695,20.741
"238","05_21_2025","05_21_2025_Setup3",0.593625914315569,5,1293055,81717,753635,0.607522433444355,0.0383935027464202,0.354084063809224,10.3573571537129,24.586
"239","05_21_2025","05_21_2025_Setup4",0.646095866211283,3,1425771,296424,1417423,0.45412244419544,0.0944140338092086,0.451463521995351,6.0800955150361,25.837
"240","05_21_2025","05_21_2025_Setup5",0.656995305164319,8,1127307,188813,1244389,0.440266759460717,0.0737404164562593,0.485992824083024,16.4669381553921,26.961
"241","05_21_2025","05_21_2025_Setup6",0.720253026502345,2,1191678,240001,1374660,0.424637935759008,0.0855210293553273,0.489841034885664,4.38451796707318,25.69
"242","05_21_2025","05_21_2025_Setup8",0.555428808462097,2,823241,228917,1441256,0.330166189810437,0.0918086607358425,0.578025149453721,5.15310192209406,25.866
"243","05_21_2025","05_21_2025_Setup9",0.570063002389746,5,903071,145588,883794,0.467318480708198,0.075338442901328,0.457343076390474,13.6882080862435,27.321
"244","05_22_2025","05_22_2025_Setup1",0.291703835860839,3,2469605,119636,526973,0.792501734476515,0.0383914583529886,0.169106807170496,5.86188303490825,22.654
"245","05_22_2025","05_22_2025_Setup10",0.844303681263197,8,1612920,500952,1895185,0.402319049093091,0.124955070481662,0.472725880425247,11.3690861924942,23.944
"246","05_22_2025","05_22_2025_Setup11",0.550449814782148,4,3153197,703395,806748,0.676167081962713,0.150835023824126,0.172997894213161,5.11225567376557,19.322
"247","05_22_2025","05_22_2025_Setup13",0.599965062450869,2,2740625,414220,1438188,0.596691772081759,0.0901844162669852,0.313123811651255,3.2981101698542,20.116
"248","05_22_2025","05_22_2025_Setup15",0.86467223933128,17,2681673,1368535,1880087,0.452198920964303,0.230770138753637,0.31703094028206,10.3785237571462,23.502
"249","05_22_2025","05_22_2025_Setup16",0.472147307728076,5,2267112,177065,1141963,0.632187254262243,0.049374815260977,0.31843793047678,8.35376466633256,21.464
"250","05_22_2025","05_22_2025_Setup17",0.773946705077422,4,2810985,369832,2092831,0.533024767675051,0.0701283058710024,0.396846926453946,17.9563861428833,24.505
"251","05_22_2025","05_22_2025_Setup18",0.642449497237069,2,1376538,604698,1279711,0.422128295860068,0.185436316505604,0.392435387634328,6.71692860813206,26.774
"252","05_22_2025","05_22_2025_Setup19",0.714973262032086,3,1525453,685459,2177758,0.347588905066911,0.156188321290961,0.496222773642128,8.5654793515212,17.738
"253","05_22_2025","05_22_2025_Setup2",0.48528741914913,5,2278057,299591,1079918,0.622834147080326,0.0819099368268406,0.295255916092833,11.6804507899262,24.576
"254","05_22_2025","05_22_2025_Setup20",0.653520015775981,3,1467099,306672,1101995,0.510159380144282,0.106640109104844,0.383200510750875,4.53310816209967,19.047
"255","05_22_2025","05_22_2025_Setup21",0.368982919254658,2,3031867,254018,430117,0.81589487842041,0.0683578749419403,0.11574724663765,2.25733379314826,16.573
"256","05_22_2025","05_22_2025_Setup22",0.399209486166008,2,2420598,46542,471721,0.82365174807519,0.0158367476379454,0.160511504286865,7.05305736868864,25.503
"257","05_22_2025","05_22_2025_Setup23",0.89047966441729,4,1118478,665127,2590996,0.255675431885102,0.152042894883442,0.592281673231456,11.6903278643611,27.365
"258","05_22_2025","05_22_2025_Setup24",0.718225537344195,6,1904221,368591,1698279,0.47952086718738,0.0928185730319451,0.427660559780675,18.239849638009,27.832
"259","05_22_2025","05_22_2025_Setup25",0.727230090985836,4,1799722,1300127,1506228,0.390727727738811,0.282263409838785,0.327008862422404,2.11179537824661,14.97
"260","05_22_2025","05_22_2025_Setup26",0.683343627753757,0,1844977,3023819,713309,0.33051635538923,0.541698696101202,0.127784948509568,0,-Inf
"261","05_22_2025","05_22_2025_Setup28",0.656805859412156,1,2098527,579966,907121,0.585262942413768,0.161748029765613,0.252989027820619,3.3733440166856,15.751
"262","05_22_2025","05_22_2025_Setup29",0.523759840652566,2,1998384,515529,1133249,0.547928498926014,0.141350726948789,0.310720774125196,9.17273432447136,24.713
"263","05_22_2025","05_22_2025_Setup3",0.345941543751697,2,3149257,604477,576681,0.727241384486244,0.139588699928298,0.133169915585458,2.44119323821549,17.897
"264","05_22_2025","05_22_2025_Setup30",0.748866101360678,2,2014881,792090,1503369,0.467452915547265,0.183765085816896,0.348781998635838,6.84933424814966,24.256
"265","05_22_2025","05_22_2025_Setup31",0.805276381909548,4,1383267,302466,2589084,0.323585079782363,0.0707553095255306,0.605659610692107,10.901591690353,22.594
"266","05_22_2025","05_22_2025_Setup32",0.64793934681182,1,2156665,728915,1273782,0.518508607810525,0.175246828720366,0.306244563469109,5.00612632410697,25.648
"267","05_22_2025","05_22_2025_Setup33",0.766543470608941,4,1490372,201915,2231266,0.379852648861886,0.0514622843122038,0.56868506682591,16.737145465887,24.228
"268","05_22_2025","05_22_2025_Setup34",0.738534728829686,0,1845361,1865267,1270400,0.370477941501232,0.374474305304046,0.255047753194722,0,0
"269","05_22_2025","05_22_2025_Setup35",0.678637606988441,3,2288615,216039,1235126,0.611965142334576,0.0577678366107097,0.330267021054714,6.78180727595808,25.368
"270","05_22_2025","05_22_2025_Setup36",0.50853302679282,3,1840675,387797,760392,0.615844347551444,0.129747288601957,0.254408363846599,5.53523594734311,22.652
"271","05_22_2025","05_22_2025_Setup4",0.26830125670094,1,2268982,41604,402836,0.836206826656524,0.0153326684901943,0.148460504853281,2.69691133168869,22.912
"272","05_22_2025","05_22_2025_Setup5",0.72938707703069,8,2840808,290091,1809150,0.575056644174987,0.0587222920258483,0.366221063799165,15.5034785457168,26.808
"273","05_22_2025","05_22_2025_Setup6",0.435602737322337,3,2927218,517060,827381,0.685264905274508,0.121044306205154,0.193690788520338,5.43238670993053,26.764
"274","05_22_2025","05_22_2025_Setup7",0.528232513350258,6,3037897,255286,1240480,0.670075609942777,0.0563089934121702,0.273615396645053,6.67635908381185,22.841
"275","05_22_2025","05_22_2025_Setup8",0.680642048943075,7,2875959,138913,1351539,0.658655128891898,0.0318140001021434,0.309530871005959,15.6500933642545,22.433
"276","05_22_2025","05_22_2025_Setup9",0.360605260842791,1,2354494,340768,849827,0.664156527523004,0.0961239619089958,0.239719510568,1.96532627399813,21.489
"277","05_23_2025","05_23_2025_Setup1",0.360635696821516,3,1788686,63297,489579,0.763885816390939,0.0270319555920364,0.209082228017025,6.70690481726805,25.484
"278","05_23_2025","05_23_2025_Setup10",0.444052552684948,4,944516,111783,928375,0.475904858934011,0.0563231039455346,0.467772037120454,11.0437382746577,27.776
"279","05_23_2025","05_23_2025_Setup11",0.394082840236686,2,1056206,114101,749299,0.55022020143717,0.0594398017093091,0.390339996853521,4.32338948650246,24.296
"280","05_23_2025","05_23_2025_Setup12",0.477917519742615,3,1921800,146102,1216747,0.585085347018814,0.0444802473567191,0.370434405624467,9.3094086052909,27.039
"281","05_23_2025","05_23_2025_Setup2",0.384395061728395,1,1618913,108904,835728,0.631513392587218,0.0424817976669027,0.326004809745879,4.41349354643251,25.371
"282","05_23_2025","05_23_2025_Setup3",0.563984809679414,4,1421802,174117,1167308,0.51454404578415,0.0630121955235672,0.422443758692283,14.6890298363113,30.62
"283","05_23_2025","05_23_2025_Setup4",0.454054054054054,3,1454446,134544,1040725,0.553081227433391,0.051162958723664,0.395755813842945,7.59016385974371,26.676
"284","05_23_2025","05_23_2025_Setup5",0.50616522811344,3,1855335,144693,710609,0.684464574194184,0.0533797037375348,0.262155722068281,10.9909600148169,27.424
"285","05_23_2025","05_23_2025_Setup6",0.466033601168736,5,1549306,143376,1022437,0.57062176648611,0.0528065252388569,0.376571708275033,10.8674560776118,26.928
"286","05_23_2025","05_23_2025_Setup7",0.706710998337562,8,1083470,167220,1195640,0.442896093331644,0.0683554549059203,0.488748451762436,21.8207915790542,28.648
"287","05_23_2025","05_23_2025_Setup8",0.564258087201125,7,1442312,192065,1876934,0.410761678472798,0.0546989429304325,0.534539378596769,14.2728569939858,27.251
"288","05_23_2025","05_23_2025_Setup9",0.447258120852253,5,1301814,130647,730901,0.601755046081053,0.0603907251768313,0.337854228742115,16.2149661710551,27.312
"289","05_27_2025","05_27_2025_Setup1",0.689864595778574,2,863818,175014,1427904,0.350186643402456,0.0709496273618255,0.578863729235719,3.9429378354631,25.209
"290","05_27_2025","05_27_2025_Setup10",0.67553085929748,2,2304564,103309,1501936,0.589431350738617,0.0264230298717917,0.384145619389592,16.8113146371949,28.491
"291","05_27_2025","05_27_2025_Setup11",0.26597378055982,0,1680640,409281,189695,0.737246974929111,0.179539448749263,0.0832135763216261,0,0
"292","05_27_2025","05_27_2025_Setup12",0.432960893854749,2,1462915,267224,1312531,0.480799758107189,0.0878254953708421,0.431374746521969,2.93608508877941,20.812
"293","05_27_2025","05_27_2025_Setup13",0.345222513089005,1,1361902,364972,558126,0.596018380743983,0.159725164113786,0.244256455142232,4.63386606925909,27.302
"294","05_27_2025","05_27_2025_Setup2",0.64517064681427,1,1229112,931185,862667,0.406591676248874,0.308037078840502,0.285371244910624,7.9988301262336,32.968
"295","05_27_2025","05_27_2025_Setup4",0.220819860227391,1,1410448,56173,413370,0.750241889455854,0.0298793983588219,0.219878712185324,2.33469762498631,20.605
"296","05_27_2025","05_27_2025_Setup5",0.180107772399306,0,1520176,167352,225613,0.79459694816012,0.0874749953087619,0.117928056531118,0,0
"297","05_27_2025","05_27_2025_Setup7",0.197877652933833,0,1502047,232875,59914,0.836871446750567,0.129747230387623,0.0333813228618102,0,0
"298","05_27_2025","05_27_2025_Setup8",0.582862948746895,0,2139500,551132,594274,0.651312396762647,0.167777099253373,0.18091050398398,0,-Inf
"299","05_28_2025","05_28_2025_Setup14",0.449119718309859,1,2278490,314550,1009470,0.632472914717794,0.0873141226533722,0.280212962628834,4.11289699459126,24.647
"300","05_28_2025","05_28_2025_Setup15",0.452279581337591,3,884270,147237,958962,0.44425208330298,0.0739710088426396,0.48177690785438,8.19478530009027,28.011
"301","05_28_2025","05_28_2025_Setup16",0.52,3,1228514,132528,1014372,0.517178900183294,0.0557915378119351,0.427029562004771,9.72649750670006,26.626
"302","05_28_2025","05_28_2025_Setup17",0.723570729972437,11,1464325,237620,1262606,0.493944951528916,0.0801537905740195,0.425901257897064,26.7808793966721,27.999
"303","05_28_2025","05_28_2025_Setup18",0.48314837648993,1,1636055,155341,1034528,0.578945152098924,0.0549699850385219,0.366084862862554,8.43718358090372,31.49
"304","05_28_2025","05_28_2025_Setup19",0.489002795899348,2,960013,143252,1380102,0.386577175262456,0.0576845870948595,0.555738237642684,7.877639684248,26.346
"305","05_28_2025","05_28_2025_Setup20",0.954596364262945,5,1679175,1047540,2185936,0.341806287481036,0.213233140314669,0.444960572204295,14.2382043536945,26.203
"306","06_03_2025","06_03_2025_Setup1",0.565112969222558,2,2586211,90106,942943,0.714569000292878,0.0248962495095683,0.260534750197554,24.3046447489621,31.458
"307","06_03_2025","06_03_2025_Setup10",0.644162251050612,1,1813599,1657932,1258046,0.383459028154103,0.350545513901137,0.265995457944759,1.0248072664856,17.783
"308","06_03_2025","06_03_2025_Setup2",0.454418604651163,3,2111250,179949,829426,0.676547166032445,0.0576644101742439,0.265788423793311,12.5706752646352,30.622
"309","06_03_2025","06_03_2025_Setup3",0.29014598540146,0,2015737,729090,539005,0.613836822346576,0.222024147398527,0.164139030254897,0,0
"310","06_03_2025","06_03_2025_Setup4",0.375037235627048,1,2483327,107301,843754,0.723078271432823,0.0312431756281043,0.245678552939073,7.00178219073718,35.069
"311","06_03_2025","06_03_2025_Setup5",0.279650671424547,1,2249836,25882,321288,0.866319138269222,0.00996609172254512,0.123714770008233,8.8074653478455,29.591
"312","06_03_2025","06_03_2025_Setup6",0.578905313623652,1,994318,864109,457359,0.429365234956943,0.373138536980533,0.197496228062524,0.950504925701799,13.594
"313","06_03_2025","06_03_2025_Setup7",0.462173561877412,1,2697216,123129,1291416,0.655975870192844,0.0299455634702503,0.314078566336905,7.82534081495633,27.271
"314","06_03_2025","06_03_2025_Setup8",0.0575996917742246,0,3474273,66,33475,0.99043820453422,1.88151367204761e-05,0.00954298032905964,0,0
"315","06_03_2025","06_03_2025_Setup9",0.704316609753962,0,1736842,2555352,1709548,0.289389647205761,0.425768385245484,0.284841967548755,0,-Inf
"316","06_06_2025","06_06_2025_Setup1",0.743984860773182,0,835796,2754463,1357976,0.168907903525196,0.556655656006637,0.274436440468167,0,0
"317","06_06_2025","06_06_2025_Setup2",0.761149978137298,2,1090236,964813,1452575,0.310818947526873,0.275061694183869,0.414119358289258,7.31099889131571,25.323
"318","06_06_2025","06_06_2025_Setup3",0.779709625380893,1,1623718,1824543,2090232,0.293169640189127,0.329429503657403,0.37740085615347,3.71974535090006,19.656
"319","06_06_2025","06_06_2025_Setup4",0.384177343908888,2,1454779,72670,953451,0.586391632069007,0.029291789270023,0.38431657866097,7.28322208644692,25.783
"320","06_06_2025","06_06_2025_Setup5",0.675580966433051,4,1162633,93543,1114157,0.490493529812056,0.0394640753008122,0.470042394887132,14.2654272912024,27.271
"321","06_06_2025","06_06_2025_Setup6",0.552921666178909,1,663452,125684,730769,0.436508860751165,0.0826920103559104,0.480799128892924,4.99371903885641,23.128
"322","06_06_2025","06_06_2025_Setup7",0.441253537365056,2,516094,245310,413737,0.43917623502201,0.208749418154928,0.352074346823062,5.54151613694703,23.432
"323","06_06_2025","06_06_2025_Setup8",0.660117238384716,3,750672,83267,1354003,0.343095018058066,0.0380572245516563,0.618847757390278,10.2994381920624,23.942
"324","06_09_2025","06_09_2025_Setup10",0.519555555555556,1,3087027,743493,1166163,0.617815258642583,0.148797312136872,0.233387429220545,4.17788432894294,21.781
"325","06_09_2025","06_09_2025_Setup11",0.721637734525688,1,2661239,1993836,1390840,0.440171421530074,0.329782340638266,0.23004623783166,0.268536855697039,15.46
"326","06_09_2025","06_09_2025_Setup12",0.356615357238188,1,2136965,1616080,215654,0.538454793371833,0.407206492606267,0.0543387140218999,0.500812909378645,15.259
"327","06_09_2025","06_09_2025_Setup13",0.391308188322586,1,2448156,468505,412534,0.735359749128543,0.140726211591691,0.123914039279766,0.95627571684847,14.094
"328","06_09_2025","06_09_2025_Setup14",0.768013906996958,4,1895386,737966,1455304,0.463571892573012,0.180491095362388,0.3559370120646,3.600980354515,21.336
"329","06_09_2025","06_09_2025_Setup15",0.669860244352641,1,2268255,837917,1502165,0.492206841643743,0.181826329107442,0.325966829248816,1.64577785149186,18.61
"330","06_09_2025","06_09_2025_Setup9",0.589195869008739,1,2724003,890673,707637,0.630218820339943,0.20606397546869,0.163717204191367,2.47218246365471,10.273
"331","06_10_2025","06_10_2025_Setup1",0.334788778517629,3,610991,221049,611782,0.423176125588888,0.153099897355768,0.423723977055343,4.07151038850806,19.425
"332","06_10_2025","06_10_2025_Setup10",0.000729461110604541,0,2020989,0,2,0.999999010386489,0,9.89613511391194e-07,0,0
"333","06_10_2025","06_10_2025_Setup11",0.300302706552707,1,2346415,451205,258035,0.767892644948464,0.147662285172901,0.0844450698786349,0.622087110730973,12.441
"334","06_10_2025","06_10_2025_Setup12",0.529382519638063,3,4286226,463621,453693,0.823713471982535,0.0890972299626793,0.0871892980547858,7.21740918172564,11.005
"335","06_10_2025","06_10_2025_Setup13",0.233576642335766,1,824685,91929,246740,0.708885687417587,0.0790206592318417,0.212093653350571,5.93616001719748,21.252
"336","06_10_2025","06_10_2025_Setup14",0.238315874294923,1,1363375,79957,276250,0.792852565332738,0.0464979279848242,0.160649506682438,7.04785414801654,32.178
"337","06_10_2025","06_10_2025_Setup15",0.00409797895128993,0,1428525,18,0,0.999987399749255,1.26002507449898e-05,0,0,0
"338","06_10_2025","06_10_2025_Setup16",0.330265554596875,0,2551341,694973,154575,0.750198256985159,0.204350391912232,0.0454513511026088,0,0
"339","06_10_2025","06_10_2025_Setup17",0.342050113895216,1,1735535,417929,376623,0.685958625138187,0.165183647835035,0.148857727026778,0.265255048143626,9.803
"340","06_10_2025","06_10_2025_Setup18",0.309041835357625,0,3810184,124734,155204,0.931557542782342,0.0304964008408551,0.0379460563768024,0,0
"341","06_10_2025","06_10_2025_Setup19",0.17020618556701,0,3715089,107184,108369,0.945160866850759,0.0272688278403375,0.0275703053089037,0,-Inf
"342","06_10_2025","06_10_2025_Setup2",0.325717878851394,3,618612,81786,488956,0.520124370036171,0.0687650606968152,0.411110569267014,6.77071360307924,23.381
"343","06_10_2025","06_10_2025_Setup20",0.113571242511071,0,1811568,0,78613,0.95840980308235,0,0.0415901969176497,0,0
"344","06_10_2025","06_10_2025_Setup21",0.295798656372205,1,1980495,154104,1010680,0.629672280265121,0.048995335548929,0.32133238418595,4.41236482249079,26.433
"345","06_10_2025","06_10_2025_Setup22",0.297607078222401,1,1948262,154173,970609,0.63398441415092,0.0501694736554374,0.315846112193643,4.45606843947615,26.491
"346","06_10_2025","06_10_2025_Setup23",0.311551818680314,1,1654369,59431,1076300,0.59294254686212,0.0213006702268736,0.385756782911007,6.04730733648553,25.406
"347","06_10_2025","06_10_2025_Setup25",0.394688732800924,1,782312,184819,848128,0.430964396816102,0.101814121290681,0.467221481893217,7.17802108210399,28.753
"348","06_10_2025","06_10_2025_Setup26",0.116274585422291,1,2639476,16587,181607,0.930156078754753,0.00584528856420937,0.0639986326810376,7.11375651444178,26.742
"349","06_10_2025","06_10_2025_Setup27",0.00754716981132075,0,2724350,1,107,0.999960359087936,3.67045482073866e-07,3.92738665819036e-05,0,0
"350","06_10_2025","06_10_2025_Setup28",0.185967632522531,1,3126315,82333,136258,0.934649583575742,0.024614443574797,0.0407359728494612,3.52176186298101,12.188
"351","06_10_2025","06_10_2025_Setup29",0.30222872579919,1,479533,29901,407520,0.52296298396648,0.0326090512719286,0.444427964761591,4.19853325644611,25.639
"352","06_10_2025","06_10_2025_Setup3",0.675172731460157,1,1890911,1157246,828316,0.48779160850598,0.298530648865605,0.213677742628415,6.8503092756088,26.791
"353","06_10_2025","06_10_2025_Setup30",0.500621593191164,2,1633090,140732,947872,0.600027041981942,0.0517075027537997,0.348265455264258,9.12849247742314,28.843
"354","06_10_2025","06_10_2025_Setup31",0.865793780687398,3,2180009,879964,1693165,0.458646266950381,0.18513327406021,0.356220458989409,11.3455848471997,23.273
"355","06_10_2025","06_10_2025_Setup32",0.293857629615987,1,1384761,33984,458777,0.737547149913556,0.0181004536830993,0.244352396403344,5.26683655442678,29.271
"356","06_10_2025","06_10_2025_Setup33",0.128855577976362,0,2283507,73,145618,0.940025061769358,3.00510703532606e-05,0.0599448871602891,0,0
"357","06_10_2025","06_10_2025_Setup34",0.0453703703703704,0,1366697,104487,4618,0.926070705961911,0.0708001479873316,0.00312914605075749,0,-Inf
"358","06_10_2025","06_10_2025_Setup35",0.277391622462045,1,1624527,85310,254648,0.826948029636266,0.0434261396752839,0.12962583068845,3.98038518916917,23.966
"359","06_10_2025","06_10_2025_Setup36",0.0193859476481008,0,1995167,13599,1267,0.992604101524701,0.00676556056542355,0.000630337909875111,0,-Inf
"360","06_10_2025","06_10_2025_Setup37",0.717693445046821,3,3713849,800076,1201631,0.649779129099601,0.13998218196095,0.210238688939449,4.95958231625355,23.542
"361","06_10_2025","06_10_2025_Setup38",0.361977186311787,2,2661113,290100,423272,0.788598260178961,0.085968673738363,0.125433066082676,5.99927893750518,22.135
"362","06_10_2025","06_10_2025_Setup39",0.303373972214346,1,2517056,130352,328921,0.845691454136959,0.0437962335481057,0.110512312314936,4.77312995484012,23.403
"363","06_10_2025","06_10_2025_Setup4",0.139227642276423,0,694843,30553,181056,0.766552448447353,0.0337061421895478,0.199741409363099,0,-Inf
"364","06_10_2025","06_10_2025_Setup40",0.548241149191268,1,1618184,289144,929864,0.570347019165428,0.101912031332388,0.327740949502184,2.71766496140493,24.32
"365","06_10_2025","06_10_2025_Setup41",0.280415430267062,1,736509,53200,520579,0.56209703515563,0.0406017608342593,0.397301204010111,4.68891735966907,24.202
"366","06_10_2025","06_10_2025_Setup42",0.550922367409685,3,788988,115610,740271,0.479666161864562,0.0702852324410029,0.450048605694435,10.8606358617057,26.499
"367","06_10_2025","06_10_2025_Setup5",0.300197065907598,1,272321,116157,455608,0.322622339429869,0.137612755098414,0.539764905471717,2.79880854479399,21.624
"368","06_10_2025","06_10_2025_Setup6",0.238050432818969,2,2782689,50197,344588,0.875755080922771,0.0157977689195883,0.108447150157641,4.77402543926648,20.196
"369","06_10_2025","06_10_2025_Setup7",0.0974817221770918,1,2335746,13167,92540,0.956703241880962,0.00539309992860809,0.03790365819043,3.32343721951271,21.155
"370","06_10_2025","06_10_2025_Setup8",0.489848179989025,4,1382705,152781,1267877,0.493230808853509,0.0544991854426273,0.452270005703864,9.56073215415724,22.028
"371","06_10_2025","06_10_2025_Setup9",0.183344399127383,2,1390217,92219,224047,0.814667945710564,0.0540403859868513,0.131291668302585,4.66390977631114,19.313
"372","06_11_2025","06_11_2025_Setup1",0.886334610472541,5,1952387,291014,1747788,0.489174278642279,0.0729141115592371,0.437911609798484,13.8776299195077,26.514
"373","06_11_2025","06_11_2025_Setup2",0.81770131619857,4,1409835,180263,1391655,0.47282085404123,0.0604553764178321,0.466723769540938,15.8201897735888,27.78
"374","06_12_2025","06_12_2025_Setup1",0.207389509715091,1,987832,93064,259497,0.7369719179375,0.0694303834770847,0.193597698585415,2.88065056315635,26.588
"375","06_12_2025","06_12_2025_Setup10",0.666132991781407,1,4765083,1555639,469122,0.70179565244798,0.229112627624434,0.069091719927586,0.496919624593925,17.243
"376","06_12_2025","06_12_2025_Setup11",0.228554698936274,2,1701823,36606,327162,0.82389156420608,0.0177218045585985,0.158386631235322,5.8241894889625,22.311
"377","06_12_2025","06_12_2025_Setup12",0.711001100110011,0,421893,1442800,1615382,0.121231007952415,0.414588766046709,0.464180226000876,0,0
"378","06_12_2025","06_12_2025_Setup13",0.526529874355961,0,2536378,1876717,618546,0.504085645219919,0.372983088419861,0.122931266360219,0,-Inf
"379","06_12_2025","06_12_2025_Setup14",0.145136034449012,0,887606,93664,180273,0.76416112016516,0.0806375657207697,0.155201314114071,0,-Inf
"380","06_12_2025","06_12_2025_Setup15",0.187918760469012,1,1916367,68671,327571,0.828660184233478,0.0296941679289495,0.141645647837572,3.84202474601519,19.651
"381","06_12_2025","06_12_2025_Setup16",0.705414697034809,1,3550540,3790062,735162,0.439653759074683,0.46931312009613,0.0910331208291872,1.15754135277236,11.615
"382","06_12_2025","06_12_2025_Setup17",0.0242151505410908,0,3321243,3551,0,0.998931963905132,0.00106803609486783,0,0,0
"383","06_12_2025","06_12_2025_Setup18",0.315046170559479,2,1088680,593478,755977,0.446521624110232,0.243414741185373,0.310063634704395,3.82160008457391,16.541
"384","06_12_2025","06_12_2025_Setup19",0.0253481288076588,0,652339,2,16170,0.975808924610066,2.99172339722159e-06,0.0241880836665365,0,0
"385","06_12_2025","06_12_2025_Setup2",0.431870669745958,2,1424732,103605,848480,0.599428563494792,0.0435898093963481,0.35698162710886,7.9850829912805,27.442
"386","06_12_2025","06_12_2025_Setup20",0.487477209480856,1,764477,411407,870450,0.373583686729537,0.201045870322245,0.425370442948219,3.98944859759541,23.171
"387","06_12_2025","06_12_2025_Setup21",0.686315407635803,2,2231434,664651,1597414,0.496591631599339,0.147913908515391,0.35549445988527,7.41828569321886,26.389
"388","06_12_2025","06_12_2025_Setup22",0.43573502243336,1,4295466,2554620,202144,0.609093293894272,0.362242865022837,0.0286638410828915,2.10481030354093,10.215
"389","06_12_2025","06_12_2025_Setup3",0.394672855879752,2,813816,69309,597920,0.549487692811495,0.0467973626729775,0.403714944515528,9.28723419177886,28.997
"390","06_12_2025","06_12_2025_Setup4",0.218597236981934,1,1624153,128640,204087,0.829970667593312,0.0657372961040023,0.104292036302686,3.73945190243585,27.319
"391","06_12_2025","06_12_2025_Setup5",0.342547425474255,3,1799113,47719,376388,0.80923750236144,0.0214639127031963,0.169298584935364,8.02226090209857,24.75
"392","06_12_2025","06_12_2025_Setup6",0.144039257192341,1,2778613,328085,123692,0.860147845925724,0.101562040496658,0.0382901135776176,1.35082714524066,12.191
"393","06_12_2025","06_12_2025_Setup7",0.280433574207893,3,1194664,178628,477307,0.645555303985358,0.0965244226328881,0.257920273381754,8.75795225387302,25.64
"394","06_12_2025","06_12_2025_Setup8",0.505480335267569,1,4036661,1290585,1013643,0.636608052908669,0.203533763167909,0.159858183923421,2.91725939411353,13.935
"395","06_15_2025","06_15_2025_Setup1",0.140920716112532,1,3292504,7662,165258,0.950101344020241,0.002210984860727,0.0476876711190319,0.569175259490764,19.393
"396","06_15_2025","06_15_2025_Setup10",0.422818137493905,2,3244763,180448,530932,0.820183446351661,0.0456121024947784,0.13420445115356,10.5746904605998,32.465
"397","06_15_2025","06_15_2025_Setup11",0.435548658024466,1,3057110,56084,489550,0.848550438221533,0.0155670233577518,0.135882538420715,9.7763375313188,37.494
"398","06_15_2025","06_15_2025_Setup12",0.36533782519184,1,4032176,48307,253096,0.930449404522221,0.011147137273833,0.0584034582039464,2.45510559239036,12.364
"399","06_15_2025","06_15_2025_Setup13",0.666861427597624,2,2949755,485860,1938919,0.548839210990199,0.0904003956436037,0.360760393366197,11.2772925061967,30.14
"400","06_15_2025","06_15_2025_Setup14",0.372459075373269,1,3088680,93318,428418,0.855491444753181,0.0258468830184666,0.118661672228353,7.57614876576045,34.229
"401","06_15_2025","06_15_2025_Setup15",0.00405754334194024,0,3173424,9,0,0.999997163954619,2.83604538050748e-06,0,0,0
"402","06_15_2025","06_15_2025_Setup16",0.676199435559737,1,2860881,66129,1715576,0.616225741429453,0.0142440010804323,0.369530257490114,15.6470385157586,19.298
"403","06_15_2025","06_15_2025_Setup17",0.609472287434929,2,2954584,252417,1039187,0.695820345213165,0.0594455544596707,0.244734100327164,7.8087258399299,28.265
"404","06_15_2025","06_15_2025_Setup18",0.128119293974437,2,3936025,81778,172871,0.939234357050918,0.0195142833825776,0.0412513595665041,1.81750034432524,15.026
"405","06_15_2025","06_15_2025_Setup19",0.65511897164737,2,3374258,173746,1338352,0.690546902436089,0.0355573764989698,0.273895721064941,15.4521667993965,34.283
"406","06_15_2025","06_15_2025_Setup2",0.208295852073963,0,3667472,11831,111119,0.967562978475748,0.00312128834203685,0.0293157331822156,0,0
"407","06_15_2025","06_15_2025_Setup20",0.695746079444079,0,2211669,4193349,519116,0.31941452895048,0.605613496214834,0.0749719748346869,0,0
"408","06_15_2025","06_15_2025_Setup21",0.189432063263839,2,2548998,54198,191539,0.912071448634665,0.0193928941384425,0.0685356572268927,12.3353256641136,31.992
"409","06_15_2025","06_15_2025_Setup3",0.441906653426018,1,2981312,21876,440270,0.865790144674336,0.00635291616741078,0.127856939158253,6.45790311250375,30.168
"410","06_15_2025","06_15_2025_Setup4",0.4516010978957,2,3198993,55240,557321,0.839288384737564,0.0144927764371172,0.146218838825319,13.3803615063963,36.321
"411","06_15_2025","06_15_2025_Setup5",0.625626629236014,5,4196929,1406061,476583,0.690332857258232,0.231276275488427,0.0783908672533416,11.8520192920931,23.121
"412","06_15_2025","06_15_2025_Setup6",0.211896929824561,1,2963133,23989,204597,0.928381539853602,0.00751601253117834,0.0641024476152193,6.53285014392225,31.341
"413","06_15_2025","06_15_2025_Setup7",0.53619512195122,2,2822287,107757,758156,0.765220703866385,0.0292166910688141,0.205562605064801,8.87628718577332,36.71
"414","06_15_2025","06_15_2025_Setup8",0.800087234661239,5,3126846,687819,1436847,0.59541823383437,0.130975421935625,0.273606344230005,11.7389120945789,29.676
"415","06_15_2025","06_15_2025_Setup9",0.329174965929343,1,3061140,86958,399371,0.862908174814213,0.0245126877782442,0.112579137407543,8.72614364409626,32.6
"416","06_16_2025","06_16_2025_Setup1",0.678763674249002,7,1828212,128218,1039230,0.610286881688843,0.0428012524785857,0.346911865832571,23.5615896874039,27.893
"417","06_16_2025","06_16_2025_Setup10",0.467182890855457,0,2124416,476742,506905,0.683517676443495,0.153388782659811,0.163093540896694,0,-Inf
"418","06_16_2025","06_16_2025_Setup11",0.524068609369236,4,2711635,138325,1081716,0.689689333505609,0.0351821971088157,0.275128469385575,16.4151364676707,28.703
"419","06_16_2025","06_16_2025_Setup12",0.695386824627535,4,2199702,204682,1221281,0.606703046199801,0.0564536436764014,0.336843310123798,14.0165836331777,30.142
"420","06_16_2025","06_16_2025_Setup13",0.499181818181818,3,3049462,75482,702486,0.796738803844878,0.0197213273658826,0.18353986878924,17.2875815082385,32.389
"421","06_16_2025","06_16_2025_Setup14",0.88020740210978,7,2894253,264073,1619309,0.605791987039613,0.0552727447785358,0.338935268181851,27.4300622362071,29.983
"422","06_16_2025","06_16_2025_Setup15",0.698211091234347,3,2145488,135619,1265691,0.604908427263126,0.038237023929753,0.356854548807121,15.4168664157366,29.914
"423","06_16_2025","06_16_2025_Setup16",0.421266540642722,3,2003166,144906,1138949,0.609416854957726,0.0440842939549215,0.346498851087352,9.99493352880681,27.471
"424","06_16_2025","06_16_2025_Setup2",0.384996900185989,2,1635919,69647,792721,0.654816280115135,0.0278779019384082,0.317305817946457,4.68111378173757,26.358
"425","06_16_2025","06_16_2025_Setup3",0.536033466438486,2,1164813,87470,1022338,0.512091025274101,0.0384547579574795,0.44945421676842,5.96188899783289,25.879
"426","06_16_2025","06_16_2025_Setup4",0.482825128581925,2,2197651,185750,1145719,0.622719261458947,0.0526335177041302,0.324647220836923,7.30323448064674,24.235
"427","06_16_2025","06_16_2025_Setup5",0.497284512964261,6,1818144,89523,601296,0.724659550579263,0.0356812754911093,0.239659173929627,17.9269739827909,28.462
"428","06_16_2025","06_16_2025_Setup6",0.491548042704626,4,1528282,156138,1227763,0.524789135847575,0.0536154493038384,0.421595414848586,12.3489218811877,28.237
"429","06_16_2025","06_16_2025_Setup7",0.718526902315863,4,2199750,97280,1291497,0.612995248468243,0.0271086158749816,0.359896135656775,21.960385097254,29.626
"430","06_16_2025","06_16_2025_Setup8",0.598887515451174,3,1770478,124839,997811,0.611959788851375,0.043150182086655,0.34489002906197,10.99952906691,28.531
"431","06_16_2025","06_16_2025_Setup9",0.503913128546273,3,2372265,58027,608984,0.780536219810244,0.0190923759474296,0.200371404242326,11.2315162177741,27.716
